75.7,21.3,-9999.0,-9999.0,-9999.0,-9999.0,-9999.0,-9999.0,-9999.0,-9999.0,-9999.0,4394.57637213,26.0,6.0
73.7,21.3,-9999.0,-9999.0,-9999.0,-9999.0,-9999.0,-9999.0,-9999.0,-9999.0,-9999.0,-9999.0,26.0,7.0
73.5,21.3,-9999.0,-9999.0,-9999.0,-9999.0,-9999.0,-9999.0,-9999.0,-9999.0,-9999.0,4510.77283168,26.0,8.0
72.9,21.5,-9999.0,-9999.0,-9999.0,-9999.0,-9999.0,-9999.0,-9999.0,-9999.0,0.0,-9999.0,90.0,8.0
75.9,21.5,751.0,1.607085943222046,252.72119140625,1.2005894944877582e-08,6.366668701171875,12.506176948547363,-7436.87841796875,28.482521057128906,0.0,5393.82431559,26.0,12.0
76.3,21.5,-9999.0,-9999.0,-9999.0,-9999.0,-9999.0,-9999.0,-9999.0,-9999.0,0.0,-9999.0,26.0,12.0
75.7,21.5,516.160888671875,10.202773094177246,242.122802734375,1.6727907450331259e-06,43.286224365234375,7.222666263580322,1330.1583251953125,821.3595581054688,0.0,2050.28383784,26.0,12.0
75.5,21.5,-9999.0,-9999.0,-9999.0,-9999.0,-9999.0,-9999.0,-9999.0,-9999.0,0.0,7446.68615768,26.0,3.0
76.5,21.5,-9999.0,-9999.0,-9999.0,-9999.0,-9999.0,-9999.0,-9999.0,-9999.0,0.0,10733.912991,26.0,6.0
75.3,21.5,-9999.0,-9999.0,-9999.0,-9999.0,-9999.0,-9999.0,-9999.0,-9999.0,0.0,9001.44319297,26.0,12.0
76.7,21.5,-9999.0,-9999.0,-9999.0,-9999.0,-9999.0,-9999.0,-9999.0,-9999.0,0.0,-9999.0,26.0,10.0
75.1,21.5,-9999.0,-9999.0,-9999.0,-9999.0,-9999.0,-9999.0,-9999.0,-9999.0,1e-07,-9999.0,26.0,10.0
74.9,21.5,-9999.0,-9999.0,-9999.0,-9999.0,-9999.0,-9999.0,-9999.0,-9999.0,-9999.0,-9999.0,26.0,5.0
73.9,21.5,-9999.0,-9999.0,-9999.0,-9999.0,-9999.0,-9999.0,-9999.0,-9999.0,-9999.0,-9999.0,26.0,7.0
73.7,21.5,-9999.0,-9999.0,-9999.0,-9999.0,-9999.0,-9999.0,-9999.0,-9999.0,0.0,10013.3795611,90.0,10.0
76.1,21.5,502.0,2.167497396469116,26.857593536376953,5.0976296961380285e-08,10.616668701171875,19.935104370117188,-669331.4375,3624.252197265625,0.0,1486.18236176,26.0,12.0
73.5,21.5,224.0,0.8201737999916077,268.1467590332031,3.5459262193171526e-09,3.369110107421875,7.608255863189697,2315.70849609375,41.37270736694336,0.0,3969.27253898,90.0,3.0
73.3,21.5,-9999.0,-9999.0,-9999.0,-9999.0,-9999.0,-9999.0,-9999.0,-9999.0,0.0,-9999.0,90.0,3.0
73.1,21.5,-9999.0,-9999.0,-9999.0,-9999.0,-9999.0,-9999.0,-9999.0,-9999.0,0.0,8274.7720228,90.0,8.0
75.5,21.7,360.0,1.157900333404541,20.095230102539062,3.2223708146261743e-09,4.375,6.159359455108643,2465.31103515625,42.73381805419922,0.0,1127.0658379,90.0,12.0
73.3,21.7,112.0,0.940741240978241,248.49856567382812,5.120512014400447e-08,5.5,6.3812255859375,1110.8077392578125,27.451128005981445,0.0,4189.29924715,26.0,10.0
77.9,21.7,-9999.0,-9999.0,-9999.0,-9999.0,-9999.0,-9999.0,-9999.0,-9999.0,-9999.0,-9999.0,90.0,10.0
76.5,21.7,308.0,0.2976129949092865,315.4813537597656,1.8385942768261998e-09,1.616668701171875,7.87884521484375,248.4454345703125,6.1492085456848145,0.0,510.784118829,90.0,6.0
74.5,21.7,-9999.0,-9999.0,-9999.0,-9999.0,-9999.0,-9999.0,-9999.0,-9999.0,-9999.0,-9999.0,26.0,6.0
75.3,21.7,626.0,7.405797481536865,161.95834350585938,1.415854882225176e-07,26.744110107421875,5.559301376342773,1123.0872802734375,313.53900146484375,0.0,5523.37120843,90.0,10.0
76.1,21.7,409.0,0.25164443254470825,341.5650634765625,6.0448854810601915e-09,4.0,6.9567341804504395,69.41546630859375,2.557544708251953,0.0,3452.50627749,90.0,3.0
74.7,21.7,-9999.0,-9999.0,-9999.0,-9999.0,-9999.0,-9999.0,-9999.0,-9999.0,-9999.0,-9999.0,26.0,6.0
76.7,21.7,358.0,0.9759694337844849,227.2025909423828,1.5288621479925268e-09,3.625,5.207701206207275,399.072265625,14.895029067993164,0.0,2564.90117001,90.0,3.0
75.1,21.7,392.0,0.6110640168190002,58.80194091796875,1.1151610301851633e-08,2.977447509765625,5.9543776512146,189.1360321044922,8.104077339172363,1e-07,682.709724257,90.0,8.0
74.9,21.7,520.0,1.5376710891723633,147.68038940429688,1.940478888684538e-08,6.875,2.1913280487060547,8147.9033203125,26.89405632019043,-9999.0,1170.58071457,90.0,8.0
80.9,21.7,-9999.0,-9999.0,-9999.0,-9999.0,-9999.0,-9999.0,-9999.0,-9999.0,-9999.0,-9999.0,4.0,6.0
73.5,21.7,169.0,12.703736305236816,337.5430603027344,1.114799147217127e-06,48.0,8.270359992980957,74.6475830078125,627.9161987304688,0.0,997.881872039,26.0,12.0
74.3,21.7,-9999.0,-9999.0,-9999.0,-9999.0,-9999.0,-9999.0,-9999.0,-9999.0,-9999.0,12686.5641412,26.0,8.0
76.9,21.7,-9999.0,-9999.0,-9999.0,-9999.0,-9999.0,-9999.0,-9999.0,-9999.0,-9999.0,12092.0124498,26.0,3.0
76.3,21.7,359.0,0.5725947618484497,13.392494201660156,9.64359148092342e-10,2.0,6.730639457702637,348.1031494140625,11.287862777709961,0.0,3321.86936776,90.0,6.0
74.1,21.7,674.0,4.067542552947998,354.39581298828125,1.974121204284529e-07,18.866668701171875,8.021592140197754,5384.89208984375,483.18585205078125,-9999.0,2612.44222534,26.0,3.0
73.7,21.7,312.0,5.975024700164795,105.40315246582031,1.2838555107919092e-07,22.869110107421875,12.506176948547363,-85.94115447998047,156.68251037597656,0.0,404.971179952,26.0,12.0
75.7,21.7,330.0,0.3168278932571411,246.49139404296875,7.133499568823254e-09,1.982330322265625,6.713551998138428,88.5256118774414,3.450397253036499,0.0,2665.15809841,90.0,6.0
80.7,21.7,-9999.0,-9999.0,-9999.0,-9999.0,-9999.0,-9999.0,-9999.0,-9999.0,-9999.0,-9999.0,90.0,3.0
75.9,21.7,335.0,1.1737068891525269,354.7274475097656,1.535198208557631e-07,9.991668701171875,4.729412078857422,643.828125,18.93170166015625,0.0,3200.42889118,90.0,10.0
73.9,21.7,331.0,10.484293937683105,342.830078125,2.953378839265497e-07,36.369110107421875,5.020460605621338,481.24835205078125,323.8556213378906,-9999.0,1150.31471314,26.0,8.0
73.1,21.7,21.0,0.5461835861206055,330.9454040527344,3.4811014071323143e-09,2.5,6.096221923828125,164.1239471435547,7.003791809082031,0.0,1796.3402417,90.0,5.0
76.3,21.9,352.0,0.9752484560012817,337.619873046875,4.51602355511227e-09,3.75,5.209254264831543,398.4530029296875,14.880727767944336,1.2e-06,4340.51974795,90.0,4.0
75.9,21.9,252.0,0.6353070139884949,16.993148803710938,4.9162975912508955e-09,2.994110107421875,8.100440979003906,1791.577392578125,31.85768699645996,0.0,911.137420298,90.0,6.0
75.1,21.9,267.0,0.9817177653312683,141.58193969726562,3.013034444165896e-08,6.5,7.59318208694458,4444.630859375,63.26918029785156,6e-07,1163.81574751,90.0,10.0
76.7,21.9,280.0,0.55267733335495,343.0725402832031,1.3736342729941953e-08,2.383331298828125,8.479536056518555,1831.8812255859375,29.98068618774414,1.2e-06,426.588606599,90.0,8.0
76.1,21.9,307.0,0.668303370475769,82.85625457763672,4.327129765613336e-09,2.741668701171875,6.527929306030273,426.3280334472656,13.799790382385254,0.0,2877.16528671,90.0,6.0
73.1,21.9,25.0,-9999.0,-9999.0,0.0,-9999.0,-9999.0,-9999.0,-9999.0,0.0,110.340436906,90.0,5.0
75.3,21.9,259.0,1.35282564163208,358.876708984375,3.013034444165896e-08,7.0,4.091042518615723,1219.0189208984375,22.7700252532959,5e-07,2258.3366184,90.0,10.0
76.5,21.9,293.0,1.5657516717910767,348.3199462890625,6.445942091204415e-08,7.0941162109375,0.30900442600250244,53521.5390625,27.53411293029785,1.2e-06,275.080526367,90.0,10.0
75.7,21.9,217.0,0.5370912551879883,339.775146484375,1.733494414679626e-08,3.5,8.514699935913086,1768.583251953125,28.88626480102539,0.0,4.24829754616,90.0,8.0
73.3,21.9,30.0,0.7238600254058838,222.2276611328125,2.4855793867573084e-07,11.647543907165527,5.721810340881348,238.6585235595703,10.100375175476074,0.0,1200.47522253,90.0,2.0
75.5,21.9,252.0,0.375863254070282,314.7305603027344,9.47898470826658e-09,1.75244140625,11.628110885620117,17473.947265625,91.88458251953125,5e-07,3125.31136275,90.0,6.0
80.9,21.9,645.0,1.602146029472351,298.6861572265625,2.1098296443256004e-08,7.875,13.604789733886719,-25829.1015625,54.8420295715332,-9999.0,4583.06074248,90.0,3.0
77.1,21.9,573.0,3.847851037979126,273.5517272949219,1.659850340729463e-06,40.625,5.75736665725708,230.32177734375,88.54442596435547,-9999.0,6811.26822459,26.0,3.0
74.3,21.9,162.11376953125,1.0572583675384521,38.7540168762207,2.913222658662562e-07,14.445556640625,12.678289413452148,1008168.4375,1630.3468017578125,0.0,1398.71277762,26.0,3.0
73.7,21.9,58.0,0.29305335879325867,306.4541015625,1.247859260367079e-09,1.9656682014465332,6.796607971191406,81.4700927734375,3.1176674365997314,0.0,1333.76780109,26.0,8.0
80.7,21.9,-9999.0,-9999.0,-9999.0,-9999.0,-9999.0,-9999.0,-9999.0,-9999.0,-9999.0,10500.036391,90.0,3.0
73.5,21.9,29.0,1.3136440515518188,231.60330200195312,2.437311330538705e-08,7.223998546600342,6.747630596160889,12320.58203125,97.33788299560547,0.0,4339.52709875,90.0,6.0
73.9,21.9,387.0,0.9377457499504089,225.0,1.573316694702953e-07,15.125,5.288899898529053,367.9489440917969,14.141223907470703,0.0,3611.41123947,26.0,11.0
80.5,21.9,-9999.0,-9999.0,-9999.0,-9999.0,-9999.0,-9999.0,-9999.0,-9999.0,-9999.0,6163.80686837,4.0,8.0
74.1,21.9,392.0,8.22137451171875,164.00416564941406,6.027009362696845e-07,34.125,12.506176948547363,-701.5413208007812,236.7513885498047,0.0,1541.53854377,26.0,3.0
76.9,21.9,331.047119140625,0.3116661608219147,239.40335083007812,6.1950209406802514e-09,1.498992919921875,14.358168601989746,178579.609375,328.116943359375,0.0,731.637143532,90.0,6.0
78.1,21.9,-9999.0,-9999.0,-9999.0,-9999.0,-9999.0,-9999.0,-9999.0,-9999.0,-9999.0,8545.47091675,26.0,6.0
77.9,21.9,648.0,0.7180826663970947,173.63778686523438,1.9845581178401517e-08,3.744110107421875,5.733461380004883,235.8939666748047,9.995707511901855,0.0,874.506774239,26.0,6.0
74.5,21.9,576.0,6.136046886444092,339.09991455078125,1.0039485687229899e-06,26.63922119140625,17.758451461791992,-7643.16552734375,3789.64306640625,0.0,578.304525773,26.0,12.0
77.5,21.9,-9999.0,-9999.0,-9999.0,-9999.0,-9999.0,-9999.0,-9999.0,-9999.0,-9999.0,-9999.0,26.0,3.0
77.7,21.9,-9999.0,-9999.0,-9999.0,-9999.0,-9999.0,-9999.0,-9999.0,-9999.0,-9999.0,2936.27290109,26.0,3.0
74.9,21.9,320.0,0.6561839580535889,75.96376037597656,6.794733735659975e-07,23.125,5.859776020050049,207.90225219726562,8.890424728393555,0.0,17.0064960327,26.0,8.0
77.3,21.9,-9999.0,-9999.0,-9999.0,-9999.0,-9999.0,-9999.0,-9999.0,-9999.0,-9999.0,-9999.0,26.0,3.0
74.7,21.9,390.0,2.4463729858398438,29.898902893066406,9.229622577322516e-08,12.25,12.506176948547363,-225.22032165527344,49.17106628417969,0.0,1406.70027051,26.0,7.0
77.7,22.1,599.0,0.21220561861991882,0.0,7.056286932538569e-08,6.125,7.826598644256592,116.3426513671875,3.1060051918029785,0.0,360.806807691,26.0,6.0
80.7,22.1,563.0,0.94318687915802,168.6473388671875,4.301336620216034e-09,3.491546630859375,5.970619201660156,744.3555908203125,21.59589195251465,0.0,1052.03164334,90.0,8.0
77.1,22.1,335.0,0.9377457499504089,278.1300964355469,1.7170297406110535e-09,3.375,5.288899898529053,367.9489440917969,14.141223907470703,0.0,1770.12261054,76.0,3.0
76.7,22.1,259.0,0.8957693576812744,0.0,9.718427840255117e-09,3.61077880859375,7.167623996734619,2023.8131103515625,39.04130935668945,5e-05,1670.96497615,76.0,6.0
76.1,22.1,213.0,0.5410066843032837,348.6900634765625,3.763352740548953e-09,2.5,8.30514144897461,1459.941162109375,25.85247230529785,0.0,317.257104726,90.0,6.0
77.3,22.1,524.0,2.6600451469421387,135.8455047607422,6.048392151569715e-07,17.119110107421875,12.506176948547363,-141.096435546875,54.82196807861328,0.0,4891.95465905,26.0,3.0
80.5,22.1,589.0,1.7577723264694214,56.0702018737793,6.609388591982679e-09,6.375,12.506176948547363,-1427.16845703125,32.001068115234375,-9999.0,3158.18616452,90.0,3.0
80.3,22.1,-9999.0,-9999.0,-9999.0,-9999.0,-9999.0,-9999.0,-9999.0,-9999.0,-9999.0,9623.63239944,90.0,3.0
78.5,22.1,-9999.0,-9999.0,-9999.0,-9999.0,-9999.0,-9999.0,-9999.0,-9999.0,0.0,10260.9211002,90.0,6.0
78.3,22.1,567.0,14.477200508117676,321.25994873046875,8.339825399161782e-07,59.375,12.506176948547363,-763.1976928710938,489.4149169921875,0.0,3629.36856841,4.0,3.0
76.3,22.1,222.047119140625,0.28568950295448303,201.80140686035156,1.2009135907931068e-08,3.3514404296875,11.80026912689209,11499.3115234375,59.74238586425781,2.68e-05,4236.18764899,90.0,7.0
78.1,22.1,425.11376953125,0.5253732800483704,353.6797790527344,2.8632067827771834e-09,1.977447509765625,6.8367815017700195,313.048095703125,10.09299373626709,0.0,3320.06502148,4.0,6.0
80.9,22.1,670.0,5.635429859161377,198.60496520996094,5.399470524025674e-07,25.125,14.29793643951416,-1225.8033447265625,425.5864562988281,0.0,4900.16723541,90.0,3.0
81.1,22.1,-9999.0,-9999.0,-9999.0,-9999.0,-9999.0,-9999.0,-9999.0,-9999.0,-9999.0,-9999.0,4.0,3.0
77.9,22.1,609.0,5.630250930786133,331.9908142089844,5.534010369956377e-07,24.625,12.506176948547363,-206.5081329345703,145.07066345214844,0.0,3241.63528874,26.0,3.0
76.5,22.1,295.0,0.8260848522186279,312.3974304199219,3.03420333302995e-09,3.25,5.516958713531494,292.91583251953125,11.992619514465332,2.68e-05,2173.49223993,90.0,6.0
76.9,22.1,278.0,0.23320795595645905,333.76654052734375,1.2376553115700517e-08,2.48577880859375,15.275741577148438,243000.0625,325.07318115234375,2.32e-05,3025.4660455,76.0,4.0
77.5,22.1,569.11376953125,2.167872190475464,150.10513305664062,2.4888524308153137e-07,8.795562744140625,15.071126937866211,-5162.8837890625,195.82888793945312,0.0,755.320851125,26.0,8.0
73.1,22.1,-9999.0,-9999.0,-9999.0,-9999.0,-9999.0,-9999.0,-9999.0,-9999.0,-9999.0,-9999.0,18.0,6.0
74.5,22.1,222.0,0.707761287689209,12.994613647460938,3.645748165581608e-07,16.875,5.754323482513428,231.02374267578125,9.809346199035645,0.0,3174.02550035,26.0,10.0
73.7,22.1,73.0,0.6594445705413818,28.088802337646484,1.0289383928219209e-10,3.2274484634399414,5.853036403656006,209.30813598632812,8.947895050048828,0.0,17.3708787947,90.0,8.0
74.7,22.1,250.0,4.836973190307617,138.54867553710938,1.6034235272854858e-07,19.375,12.506176948547363,-2155.984619140625,119.1453857421875,0.0,3227.34832819,26.0,10.0
73.5,22.1,46.0,0.21327026188373566,179.05023193359375,7.277994651389008e-09,2.454897880554199,7.128292560577393,58.472190856933594,2.0625743865966797,-9999.0,3151.72700698,90.0,8.0
73.3,22.1,-9999.0,-9999.0,-9999.0,-9999.0,-9999.0,-9999.0,-9999.0,-9999.0,-9999.0,-9999.0,18.0,6.0
74.3,22.1,465.0,5.202014446258545,355.3331298828125,8.813772183202673e-07,30.75,12.506176948547363,-506.6548767089844,130.93310546875,0.0,2678.5744449,26.0,10.0
74.9,22.1,142.0,0.26904046535491943,281.10113525390625,3.763405143075715e-09,1.494110107421875,8.496210098266602,372.229248046875,7.327306747436523,0.0,1868.86386914,90.0,6.0
75.1,22.1,152.0,1.9685776233673096,184.63546752929688,2.494162174571102e-07,14.375,12.506176948547363,-642.5811767578125,37.075660705566406,5e-07,288.56603666,90.0,6.0
74.1,22.1,227.0,0.8770383596420288,335.1310729980469,7.64619869642047e-08,7.619110107421875,7.899013519287109,3895.759033203125,57.572147369384766,0.0,3770.08176555,26.0,8.0
75.3,22.1,176.0,1.3402870893478394,198.40115356445312,1.2758657419453812e-07,10.244110107421875,4.148891925811768,1150.5,22.496103286743164,5e-07,1770.06760455,90.0,6.0
73.9,22.1,153.0,4.092958450317383,167.67222595214844,5.1769621478570116e-08,14.875,5.953364849090576,757.310546875,145.4080047607422,0.0,2941.64150693,86.0,8.0
75.7,22.1,178.0,0.13618925213813782,284.057373046875,8.056897371488958e-10,0.54901123046875,7.5859222412109375,37.0001335144043,1.1512951850891113,0.0,1973.54184392,90.0,6.0
75.9,22.1,272.0,2.3187952041625977,202.16635131835938,3.5987062219078325e-09,8.75,12.506176948547363,-290.99041748046875,45.86576843261719,0.0,3275.25597488,90.0,6.0
75.5,22.1,175.0,0.8175333738327026,331.1620178222656,3.7124610052785556e-09,2.866668701171875,5.534107208251953,287.935546875,11.83149242401123,5e-07,505.932530218,90.0,8.0
76.3,22.3,247.0,1.4987778663635254,76.70143127441406,1.5288621479925268e-09,5.875,5.454226970672607,44910.66015625,115.53256225585938,2.56e-05,615.81282398,26.0,3.0
78.7,22.3,-9999.0,-9999.0,-9999.0,-9999.0,-9999.0,-9999.0,-9999.0,-9999.0,0.0,7436.11062119,26.0,3.0
77.1,22.3,288.0,0.2413225769996643,72.12809753417969,1.4019931882103265e-09,1.449005126953125,7.000362396240234,66.45211029052734,2.4220170974731445,6e-07,328.151519799,76.0,6.0
74.3,22.3,323.0,0.6387999653816223,41.633541107177734,2.0604357331421852e-08,3.625,7.841821670532227,1403.6656494140625,27.594532012939453,0.0,917.865287305,26.0,10.0
80.9,22.3,770.0,13.696761131286621,106.78264617919922,7.25386257727223e-07,54.375,5.944723606109619,1718.7366943359375,881.6483764648438,0.0,949.840014174,90.0,3.0
76.1,22.3,265.0,0.3558766841888428,63.4349479675293,7.865407525287083e-08,8.75,6.588083267211914,100.35970306396484,4.013167858123779,0.0,2723.01209628,90.0,3.0
75.7,22.3,241.0,1.6569243669509888,140.19442749023438,1.006696859207068e-08,5.625,13.199324607849121,-6254.224609375,44.91944885253906,0.0,3186.6732884,26.0,6.0
74.7,22.3,231.407958984375,1.6968415975570679,259.330322265625,9.593954786168979e-08,6.693572998046875,13.199324607849121,-4261.462890625,46.33090591430664,0.0,2688.219026,26.0,8.0
79.1,22.3,-9999.0,-9999.0,-9999.0,-9999.0,-9999.0,-9999.0,-9999.0,-9999.0,-9999.0,-9999.0,90.0,3.0
73.5,22.3,-9999.0,-9999.0,-9999.0,-9999.0,-9999.0,-9999.0,-9999.0,-9999.0,-9999.0,-9999.0,90.0,10.0
73.9,22.3,120.0,0.38419827818870544,304.3873291015625,7.930484047236064e-10,1.73577880859375,6.504047393798828,109.15802001953125,4.433220863342285,0.0,2673.02932447,90.0,10.0
80.5,22.3,502.0,2.7126920223236084,213.8453369140625,8.789780991946827e-08,13.0,12.506176948547363,-123.46859741210938,56.23561477661133,0.0,1039.78337135,90.0,3.0
77.5,22.3,471.0,0.4194025993347168,71.56504821777344,2.3831667022022884e-06,40.25,6.4061808586120605,120.38117218017578,4.968404769897461,0.0,1185.47412726,76.0,3.0
77.9,22.3,375.0,1.130861520767212,309.2894287109375,4.351376592381939e-09,4.625,4.8448896408081055,573.6126708984375,18.03836441040039,0.0,1839.46813243,26.0,8.0
80.7,22.3,888.0,2.525148630142212,333.16595458984375,2.384319373049948e-07,18.5,12.506176948547363,-191.3096466064453,51.23797607421875,0.0,1864.40154167,90.0,3.0
73.7,22.3,98.0,0.48039183020591736,186.34019470214844,6.397699703342141e-09,2.75,6.250217914581299,140.6994171142578,5.927468299865723,0.0,1896.30231236,90.0,6.0
74.5,22.3,266.0,0.7117259502410889,243.43495178222656,1.5053410962195812e-08,4.0,5.746302604675293,232.8842315673828,9.88083553314209,0.0,2396.58367991,86.0,8.0
75.9,22.3,228.0,0.1125393956899643,315.0,7.1738912588159565e-09,2.0,7.778639793395996,30.514568328857422,0.8984566330909729,0.0,2360.36556629,26.0,8.0
77.7,22.3,498.0,1.9798461198806763,254.5010528564453,1.9134093065531488e-07,14.369110107421875,16.41819953918457,-31141.7265625,390.56396484375,0.0,3521.70644626,26.0,3.0
77.3,22.3,321.0,0.6666410565376282,187.22503662109375,1.2240342961433726e-08,2.76422119140625,7.629961013793945,1274.6182861328125,26.591279983520508,0.0,2093.25074191,76.0,3.0
78.1,22.3,472.0,2.471492290496826,324.6051940917969,2.1545195849625998e-08,9.5,13.604789733886719,-641.8582153320312,96.3266372680664,0.0,2996.20246715,4.0,8.0
78.9,22.3,-9999.0,-9999.0,-9999.0,-9999.0,-9999.0,-9999.0,-9999.0,-9999.0,-9999.0,-9999.0,90.0,8.0
76.9,22.3,278.0,1.730372667312622,164.89889526367188,9.996406369339184e-09,6.25,13.199324607849121,-3355.187744140625,47.52425765991211,2.3800000000000006e-05,1865.64169361,76.0,6.0
74.9,22.3,234.0,0.5370912551879883,122.90524291992188,1.3945575005891442e-07,8.875,6.116805076599121,160.78030395507812,6.852606296539307,0.0,902.945138431,26.0,8.0
80.3,22.3,541.0,-9999.0,-9999.0,0.0,-9999.0,-9999.0,-9999.0,-9999.0,0.0,234.96109613,90.0,3.0
81.1,22.3,794.0,8.598265647888184,351.3713684082031,2.495628166343522e-07,33.869110107421875,12.506176948547363,-293.1672058105469,250.8517303466797,0.0,7925.9833213,4.0,6.0
74.1,22.3,258.0,8.404956817626953,353.34259033203125,3.257417233726301e-07,30.375,13.604789733886719,-1318.2568359375,470.9189147949219,0.0,961.283892844,86.0,12.0
76.7,22.3,267.0,0.555047869682312,196.47201538085938,6.761597948212739e-09,2.491668701171875,6.076341152191162,167.41949462890625,7.151914119720459,4.88e-05,1565.33179934,76.0,11.0
75.1,22.3,211.0,0.55267733335495,163.07254028320312,4.905840622626556e-09,3.0,15.484004974365234,2017900.375,2004.6705322265625,0.0,2730.35559724,26.0,6.0
78.3,22.3,622.0,6.353823661804199,343.8255615234375,4.0401945966550556e-07,30.25,8.246938705444336,19.104141235351562,169.66441345214844,0.0,3228.74740866,4.0,3.0
78.5,22.3,799.0,12.620794296264648,345.38909912109375,3.557309184998303e-07,47.0,9.201537132263184,29.41783905029297,622.6784057617188,0.0,4630.49466383,90.0,8.0
75.3,22.3,242.0,0.7283349633216858,190.49148559570312,6.985723555175127e-09,2.25,6.405943870544434,481.638671875,15.432449340820312,0.0,638.264191669,26.0,7.0
75.5,22.3,235.0,0.9643697738647461,211.5042724609375,2.84368351088915e-08,4.0,5.23258113861084,389.2660217285156,14.665321350097656,0.0,1528.27787152,26.0,10.0
76.5,22.3,264.0,1.277441143989563,131.633544921875,1.1854561776658556e-08,5.125,5.787621021270752,3575.3251953125,48.55500411987305,2.56e-05,2363.5235364,26.0,3.0
74.3,22.5,371.0,2.5716867446899414,165.67727661132812,3.838619733187443e-08,10.0,12.506176948547363,-173.02566528320312,52.468135833740234,-9999.0,3291.58197169,86.0,3.0
79.3,22.5,735.0,5.67277193069458,101.83364868164062,2.6926790042125504e-07,20.625,13.199324607849121,-377.74853515625,222.0402374267578,0.0,3877.67604016,90.0,8.0
79.5,22.5,-9999.0,-9999.0,-9999.0,-9999.0,-9999.0,-9999.0,-9999.0,-9999.0,0.0,10685.1651036,90.0,3.0
78.5,22.5,693.0,9.591353416442871,43.44584274291992,2.1867431598820986e-07,36.75,7.3814191818237305,45.396026611328125,288.80767822265625,0.0,2095.17228774,90.0,3.0
79.9,22.5,-9999.0,-9999.0,-9999.0,-9999.0,-9999.0,-9999.0,-9999.0,-9999.0,0.0,-9999.0,90.0,8.0
79.1,22.5,672.0,0.0,-9999.0,8.373460147481637e-09,6.75,12.506176948547363,0.0,0.0,0.0,4798.67143855,90.0,8.0
79.7,22.5,-9999.0,-9999.0,-9999.0,-9999.0,-9999.0,-9999.0,-9999.0,-9999.0,0.0,14676.4788167,90.0,3.0
78.1,22.5,713.0,7.978157043457031,14.699966430664062,4.937931407766882e-06,59.727447509765625,12.506176948547363,-2163.15625,227.74618530273438,0.0,3188.25884335,26.0,3.0
78.3,22.5,705.0,5.2401909828186035,5.9997406005859375,2.7330777356837643e-06,44.732147216796875,12.506176948547363,-463.1470031738281,132.18016052246094,0.0,3163.87935853,26.0,3.0
80.3,22.5,491.0,0.9279436469078064,59.0362434387207,2.361503881331828e-08,5.375,8.081977844238281,5767.7880859375,73.62528228759766,0.0,2475.19132175,90.0,6.0
73.9,22.5,263.0,3.342454433441162,187.74472045898438,4.3770145907728875e-07,17.125,7.18998384475708,54.973995208740234,73.75080108642578,-9999.0,1123.8328072,86.0,10.0
80.5,22.5,457.11376953125,0.49992620944976807,341.4368896484375,5.9467630819654005e-09,2.656341552734375,7.99493932723999,884.8547973632812,18.292068481445312,0.0,1603.01414494,90.0,6.0
75.9,22.5,588.0,4.233921051025391,186.102783203125,1.7899447257718748e-08,17.625,4.941925048828125,520.567138671875,100.242919921875,-9999.0,4651.24598104,26.0,3.0
77.9,22.5,485.0,10.043628692626953,350.21759033203125,3.718427876719943e-07,35.75,6.63100004196167,384.5747375488281,464.5002136230469,0.0,1635.35067199,76.0,12.0
74.1,22.5,317.0,3.7979016304016113,59.858612060546875,1.6110913065858767e-06,30.25,5.8595170974731445,207.95602416992188,87.05531311035156,-9999.0,1722.07464108,86.0,8.0
78.7,22.5,477.0,1.8039945363998413,317.3033447265625,2.146453503826251e-08,7.383331298828125,14.58561897277832,-9093.9921875,115.25721740722656,0.0,1380.93999889,90.0,3.0
73.7,22.5,-9999.0,-9999.0,-9999.0,-9999.0,-9999.0,-9999.0,-9999.0,-9999.0,-9999.0,5782.71465451,90.0,3.0
75.7,22.5,-9999.0,-9999.0,-9999.0,-9999.0,-9999.0,-9999.0,-9999.0,-9999.0,-9999.0,6646.10829102,90.0,3.0
76.1,22.5,336.0,3.5402350425720215,275.5826110839844,7.209172991906598e-08,13.375,6.4630842208862305,113.72233581542969,79.46654510498047,0.0,1124.65135525,26.0,6.0
81.7,22.5,-9999.0,-9999.0,-9999.0,-9999.0,-9999.0,-9999.0,-9999.0,-9999.0,0.0,-9999.0,97.0,3.0
75.5,22.5,550.0,0.4194025993347168,108.43495178222656,1.1313579406646568e-08,2.5,6.4061808586120605,120.38117218017578,4.968404769897461,-9999.0,2840.25742623,90.0,10.0
76.3,22.5,288.0,1.1160434484481812,245.7565460205078,2.5008745296872803e-08,5.6710205078125,4.88288688659668,552.2257080078125,17.731739044189453,0.0,600.839815026,26.0,3.0
81.5,22.5,-9999.0,-9999.0,-9999.0,-9999.0,-9999.0,-9999.0,-9999.0,-9999.0,0.0,4442.46513215,4.0,3.0
75.3,22.5,495.0,1.1929073333740234,339.0333557128906,4.986146109331457e-07,26.255889892578125,9.410717964172363,77537.9296875,331.50677490234375,-9999.0,2137.40732787,90.0,12.0
76.5,22.5,301.0,0.5158286094665527,138.49847412109375,4.210872484033956e-10,1.965667724609375,6.165754318237305,153.09974670410156,6.5020599365234375,0.0,1202.87678816,90.0,12.0
81.3,22.5,-9999.0,-9999.0,-9999.0,-9999.0,-9999.0,-9999.0,-9999.0,-9999.0,0.0,6700.33126563,4.0,8.0
76.7,22.5,292.0,1.2553513050079346,34.91880798339844,6.499186522290756e-09,5.232330322265625,4.478611946105957,827.3534545898438,20.66099739074707,0.0,1315.20261323,90.0,8.0
81.1,22.5,660.0,0.5859541893005371,275.1944274902344,3.020090488803362e-08,4.75,6.008328914642334,179.20220947265625,7.67387056350708,0.0,288.640255403,4.0,8.0
74.9,22.5,367.0,0.9123690128326416,324.35284423828125,1.4283060068009945e-08,4.244110107421875,7.133465766906738,2094.137939453125,39.98435974121094,-9999.0,2468.60416439,26.0,9.0
75.1,22.5,430.0,4.046754837036133,213.25247192382812,5.0966608711178196e-08,16.8489990234375,6.049717426300049,687.7470092773438,143.2812957763672,-9999.0,1326.66492114,90.0,12.0
77.3,22.5,299.0,0.0025002681650221348,45.0,6.397804508395666e-09,2.491668701171875,11.589776992797852,0.6750738024711609,0.006370655260980129,0.0,2018.02819388,76.0,6.0
77.7,22.5,349.066650390625,0.5615408420562744,51.98164367675781,9.394174327326255e-09,2.501007080078125,8.36447525024414,1698.56494140625,28.906017303466797,0.0,2180.48870323,76.0,3.0
80.9,22.5,716.0,11.695727348327637,327.2339782714844,3.394544307866454e-07,45.5,12.506176948547363,-320.45574951171875,372.6615295410156,0.0,2175.95971864,90.0,10.0
77.5,22.5,309.0,0.5769458413124084,116.02894592285156,8.863581868467918e-09,2.434783935546875,6.027956485748291,175.71923828125,7.5208611488342285,0.0,258.934136206,76.0,6.0
80.7,22.5,629.0,0.7595394849777222,114.77513885498047,1.542974636947747e-08,4.25,8.694684982299805,5384.09228515625,66.80855560302734,0.0,801.948426928,90.0,8.0
74.7,22.5,373.0,6.187410354614258,79.169921875,2.623997659156885e-07,22.75,12.506176948547363,-25.938596725463867,163.9330291748047,-9999.0,709.552761012,26.0,3.0
74.5,22.5,377.0,2.4006097316741943,136.7899169921875,1.1515859910105064e-07,9.5,13.892471313476562,-988.0850830078125,110.22764587402344,-9999.0,4612.10265334,90.0,8.0
78.9,22.5,870.0,11.496451377868652,274.438720703125,2.4631142991893284e-07,48.375,12.506176948547363,-493.2030334472656,364.5397033691406,0.0,367.664086159,90.0,3.0
77.1,22.5,277.502197265625,0.27005448937416077,302.6077575683594,4.282795451615584e-09,1.38067626953125,13.617412567138672,62856.7890625,159.427734375,6e-07,1128.90090162,76.0,6.0
76.9,22.5,274.0,0.03583292290568352,310.9989013671875,3.874173426510197e-09,1.602447509765625,8.926881790161133,9.679032325744629,0.20294035971164703,6e-07,480.647317323,76.0,6.0
78.9,22.7,691.0,5.171152114868164,289.7326965332031,1.463003371782179e-07,18.375,13.199324607849121,-1093.3182373046875,196.932373046875,0.0,2842.08490567,76.0,10.0
79.1,22.7,512.0,2.4035940170288086,243.1146697998047,1.8809502844163717e-09,9.116668701171875,13.199324607849121,-491.0901794433594,72.84060668945312,0.0,2464.12020265,90.0,12.0
79.3,22.7,540.0,0.5871536135673523,18.434951782226562,9.431903258416696e-09,4.375,8.838940620422363,3054.374267578125,42.115142822265625,0.0,2014.630235,90.0,8.0
80.9,22.7,720.0,4.283613681793213,98.53076171875,2.626820219120418e-07,24.5,6.201949596405029,2362.51708984375,233.81124877929688,0.0,48.4051207345,4.0,10.0
80.3,22.7,505.0,6.548035144805908,10.22216796875,7.263270873636429e-08,27.5,7.596389293670654,146.4595184326172,267.38409423828125,0.0,529.75632145,90.0,3.0
79.5,22.7,479.0,2.0417959690093994,322.38604736328125,5.856717777419362e-09,8.625,12.506176948547363,-530.2183837890625,38.87748718261719,0.0,1130.35890983,90.0,8.0
81.3,22.7,831.0,5.703901767730713,149.03623962402344,2.0343274798051425e-07,21.625,13.604789733886719,-529.857421875,285.2108459472656,0.0,2063.24061927,56.0,10.0
79.7,22.7,620.0,0.4057602882385254,348.6900634765625,1.714677644315543e-08,3.5,6.443323135375977,115.99195861816406,4.759345531463623,0.0,3296.92200303,90.0,4.0
81.1,22.7,752.0,4.43386697769165,281.71246337890625,2.054790684269392e-07,15.75,5.445112705230713,2832.615478515625,205.74472045898438,0.0,377.600541489,4.0,3.0
80.5,22.7,458.016845703125,2.6996119022369385,78.88523864746094,3.1052715598889336e-07,7.530120849609375,23.607624053955078,-8466583.0,43657.9140625,0.0,1751.94880399,90.0,3.0
79.9,22.7,518.0,1.3898892402648926,197.77606201171875,4.3450882003526203e-08,4.869110107421875,3.8996434211730957,1476.16162109375,23.584163665771484,0.0,3407.79468661,90.0,3.0
80.1,22.7,555.0,0.7429386377334595,265.7686767578125,1.687514838977222e-08,4.729888916015625,5.683443069458008,247.9930419921875,10.447793006896973,-9999.0,1016.11533563,90.0,3.0
81.5,22.7,819.0,5.099981784820557,294.83056640625,1.995721561343089e-07,17.369110107421875,13.199324607849121,-1322.7391357421875,193.42552185058594,0.0,553.945243019,4.0,8.0
80.7,22.7,500.0,1.993401050567627,331.3895263671875,2.221319022055468e-07,9.0,15.764273643493652,-15610.39453125,266.1612548828125,0.0,2342.58971687,4.0,5.0
75.9,22.7,-9999.0,-9999.0,-9999.0,-9999.0,-9999.0,-9999.0,-9999.0,-9999.0,-9999.0,-9999.0,90.0,5.0
76.9,22.7,328.0,0.6106472015380859,55.61965560913086,9.64359148092342e-10,2.5,5.955264568328857,188.96832275390625,8.096892356872559,6e-07,489.387189342,26.0,6.0
77.7,22.7,303.0,0.5732335448265076,199.08627319335938,2.197818371740823e-09,2.536224365234375,6.036089897155762,174.2958221435547,7.458014011383057,0.0,431.730784634,26.0,6.0
78.1,22.7,325.0,0.45092442631721497,69.33242797851562,1.7880104064005309e-09,1.869110107421875,7.933125972747803,653.6641845703125,14.338793754577637,0.0,2280.21497854,76.0,6.0
77.5,22.7,294.13330078125,0.1598033457994461,198.71836853027344,9.537199474607405e-09,1.785797119140625,12.306471824645996,5744.373046875,26.53424835205078,0.0,228.068136853,90.0,7.0
81.7,22.7,1039.0,6.485391616821289,16.06610870361328,8.454151156911394e-08,23.869110107421875,7.1831278800964355,55.352169036865234,174.22630310058594,0.0,6524.39837988,4.0,6.0
77.3,22.7,296.0,0.5712884664535522,13.606048583984375,3.968253781128084e-10,2.116668701171875,6.040362358093262,173.55271911621094,7.42513370513916,0.0,13.477548062,90.0,6.0
77.1,22.7,310.0,0.16776356101036072,198.43495178222656,4.139688147830611e-09,1.25,7.374177932739258,45.725948333740234,1.5097590684890747,6e-07,445.268522734,90.0,6.0
78.3,22.7,342.0,0.25164443254470825,341.5650634765625,3.9985623145888383e-10,1.25,6.9567341804504395,69.41546630859375,2.557544708251953,0.0,1020.47868828,76.0,6.0
77.9,22.7,320.0,0.24368292093276978,117.06828308105469,3.730169506610537e-09,2.227447509765625,6.990236759185791,67.12840270996094,2.4528582096099854,0.0,816.1749217,76.0,7.0
74.9,22.7,-9999.0,-9999.0,-9999.0,-9999.0,-9999.0,-9999.0,-9999.0,-9999.0,-9999.0,-9999.0,90.0,9.0
76.7,22.7,330.0,0.36945685744285583,201.03750610351562,7.550226222008405e-09,2.0,7.645749092102051,313.66314697265625,8.145227432250977,0.0,972.049856785,26.0,6.0
75.1,22.7,-9999.0,-9999.0,-9999.0,-9999.0,-9999.0,-9999.0,-9999.0,-9999.0,-9999.0,-9999.0,90.0,4.0
78.5,22.7,387.0,1.6126407384872437,315.0,1.0372740888442422e-08,6.125,12.506176948547363,-6448.7080078125,28.61053466796875,0.0,2013.30775036,76.0,3.0
74.3,22.7,-9999.0,-9999.0,-9999.0,-9999.0,-9999.0,-9999.0,-9999.0,-9999.0,-9999.0,-9999.0,90.0,6.0
76.3,22.7,-9999.0,-9999.0,-9999.0,-9999.0,-9999.0,-9999.0,-9999.0,-9999.0,0.0,10968.1794267,90.0,4.0
78.7,22.7,393.533203125,0.010001072660088539,45.0,3.5803207187184993e-13,0.04022216796875,19.413291931152344,26990.294921875,9.699108123779297,0.0,1968.85479375,76.0,3.0
75.3,22.7,-9999.0,-9999.0,-9999.0,-9999.0,-9999.0,-9999.0,-9999.0,-9999.0,-9999.0,-9999.0,90.0,6.0
76.5,22.7,606.0,1.1645618677139282,210.06857299804688,1.636117588077468e-07,10.625,4.754827499389648,627.6710205078125,18.740192413330078,0.0,5441.00479462,90.0,12.0
76.1,22.7,-9999.0,-9999.0,-9999.0,-9999.0,-9999.0,-9999.0,-9999.0,-9999.0,0.0,6900.65455587,26.0,6.0
80.1,22.9,502.0,2.0635182857513428,344.3818054199219,1.9849389332193823e-07,13.369110107421875,14.29793643951416,-3017.380126953125,115.49446868896484,0.0,1075.41308433,90.0,8.0
80.7,22.9,657.0,0.6916752457618713,237.52880859375,6.7740351106237995e-09,3.25,5.786975383758545,223.60223388671875,9.520522117614746,0.0,2509.81199765,4.0,3.0
81.5,22.9,-9999.0,-9999.0,-9999.0,-9999.0,-9999.0,-9999.0,-9999.0,-9999.0,0.0,8321.27543436,4.0,8.0
78.9,22.9,359.0,0.7912910580635071,219.55966186523438,3.786873925548662e-09,3.125,6.279783248901367,546.402099609375,17.18852996826172,0.0,5347.14170913,76.0,8.0
78.7,22.9,345.0,0.16330629587173462,17.65032196044922,1.10434095201839e-09,0.98333740234375,7.401604175567627,44.488895416259766,1.457822322845459,0.0,3078.15214264,76.0,6.0
77.3,22.9,505.0,1.7689309120178223,293.8752746582031,2.3544476590586783e-08,9.0,12.506176948547363,-1344.8311767578125,32.26532745361328,0.0,5794.37394654,26.0,3.0
77.5,22.9,517.0,-9999.0,-9999.0,0.0,-9999.0,-9999.0,-9999.0,-9999.0,0.0,8567.2793529,26.0,3.0
80.3,22.9,506.0,2.1759979724884033,358.57073974609375,2.3428650308687793e-07,13.869110107421875,12.506176948547363,-390.2859802246094,42.23008728027344,0.0,807.930983978,90.0,3.0
77.7,22.9,489.0,3.5545647144317627,335.35400390625,8.36021296635181e-09,14.494110107421875,7.1167192459106445,236.6114044189453,121.0821304321289,0.0,5440.69315849,26.0,3.0
80.5,22.9,631.0,2.2375288009643555,211.38558959960938,6.579567468634195e-08,9.119110107421875,12.506176948547363,-343.0970153808594,43.788230895996094,0.0,657.310343289,90.0,8.0
77.9,22.9,311.0,0.4182485342025757,243.64442443847656,5.989437390496732e-09,2.070556640625,6.409286975860596,120.00782775878906,4.950639247894287,0.0,81.7979740306,26.0,6.0
78.1,22.9,318.34130859375,0.1155877411365509,161.69091796875,5.77948633395664e-10,0.8033447265625,9.831121444702148,250.7873992919922,3.239220142364502,0.0,4581.93998349,76.0,6.0
78.5,22.9,330.0,0.4891001582145691,282.52880859375,1.5053411850374232e-09,2.0,6.229095935821533,143.70286560058594,6.06752872467041,0.0,313.52675272,76.0,6.0
79.3,22.9,378.0,0.3590426743030548,296.3127136230469,4.861863800442734e-09,1.491668701171875,6.578423976898193,101.33377838134766,4.0596418380737305,0.0,1563.16098656,76.0,6.0
77.1,22.9,466.0,2.576843738555908,220.61537170410156,2.313234404027753e-08,9.067108154296875,12.506176948547363,-171.0679168701172,52.604862213134766,0.0,3498.14879647,90.0,3.0
81.1,22.9,715.0,0.8788929581642151,95.19442749023438,2.0157457925051858e-08,4.25,5.410333156585693,325.8740234375,12.998588562011719,0.0,1924.70544547,56.0,8.0
76.5,22.9,-9999.0,-9999.0,-9999.0,-9999.0,-9999.0,-9999.0,-9999.0,-9999.0,-9999.0,-9999.0,90.0,8.0
79.5,22.9,411.047119140625,1.3249385356903076,151.13931274414062,5.3452385628816046e-08,6.112213134765625,7.3069000244140625,23671.537109375,141.59872436523438,0.0,360.425184697,76.0,6.0
76.7,22.9,-9999.0,-9999.0,-9999.0,-9999.0,-9999.0,-9999.0,-9999.0,-9999.0,0.0,11286.2537085,90.0,4.0
79.1,22.9,357.0,0.6478598117828369,145.16192626953125,2.2491977169636357e-09,2.255889892578125,6.570181846618652,408.6897277832031,13.253569602966309,0.0,765.274078144,76.0,6.0
79.7,22.9,536.0,3.037339687347412,209.2488250732422,2.149815259144816e-07,15.0,13.892471313476562,-113.00289916992188,149.62863159179688,0.0,5852.99961443,90.0,3.0
78.3,22.9,310.0,0.5123172998428345,93.77745819091797,5.092897836789234e-08,5.2840576171875,7.272567272186279,455.5480651855469,12.458550453186035,0.0,1460.12896967,76.0,6.0
80.9,22.9,677.0,1.5463324785232544,59.0362434387207,1.665283555496444e-08,8.5,1.888062596321106,11034.4921875,27.091110229492188,0.0,1800.31826585,56.0,5.0
81.3,22.9,727.0,3.1215553283691406,130.17922973632812,7.35735454782116e-08,10.875,13.199324607849121,-10.821603775024414,102.28756713867188,0.0,2588.16207723,4.0,8.0
76.9,22.9,545.0,1.423981785774231,223.41961669921875,6.142374076034685e-08,7.369110107421875,3.6870579719543457,1825.822509765625,24.338804244995117,0.0,7123.32595544,90.0,12.0
79.9,22.9,459.0,3.0813302993774414,93.94518280029297,2.3069353005666926e-07,17.75,12.506176948547363,-16.290559768676758,66.3573989868164,0.0,721.819761796,90.0,11.0
81.7,22.9,-9999.0,-9999.0,-9999.0,-9999.0,-9999.0,-9999.0,-9999.0,-9999.0,-9999.0,-9999.0,4.0,8.0
77.1,23.1,542.0,-9999.0,-9999.0,0.0,-9999.0,-9999.0,-9999.0,-9999.0,-9999.0,5836.79477657,90.0,8.0
77.3,23.1,534.0,0.5713648200035095,111.80140686035156,2.8225146664340173e-09,2.125,7.649632453918457,867.9093017578125,19.505708694458008,-9999.0,6836.08684798,90.0,6.0
80.7,23.1,633.2275390625,0.5632887482643127,103.61799621582031,2.8961153475393075e-08,5.681793212890625,9.492002487182617,5285.99365234375,57.22158432006836,-9999.0,1635.6757195,4.0,5.0
80.5,23.1,-9999.0,-9999.0,-9999.0,-9999.0,-9999.0,-9999.0,-9999.0,-9999.0,0.0,-9999.0,90.0,8.0
81.1,23.1,-9999.0,-9999.0,-9999.0,-9999.0,-9999.0,-9999.0,-9999.0,-9999.0,-9999.0,7738.82616172,4.0,3.0
77.7,23.1,478.0,9.096705436706543,315.702880859375,5.664521722792415e-07,32.941680908203125,13.199324607849121,-183.80123901367188,408.8814392089844,-9999.0,4694.69490657,26.0,10.0
80.9,23.1,692.0,0.8226423263549805,195.0379638671875,7.625274633937806e-09,3.494110107421875,5.52386474609375,290.89990234375,11.927695274353027,1e-07,4970.96255352,4.0,3.0
80.3,23.1,477.0,0.22397392988204956,54.641807556152344,3.5630989270174496e-09,1.2191162109375,7.077727794647217,61.50486755371094,2.1981475353240967,0.0,3018.09211692,90.0,3.0
79.1,23.1,348.0,0.6740255355834961,121.21109771728516,5.147418491446842e-09,3.274444580078125,5.823032379150391,215.6833953857422,9.2059326171875,4e-07,1935.77978905,90.0,3.0
78.5,23.1,332.0,0.2730979919433594,240.9453887939453,2.1168859720699373e-10,1.125,6.871043682098389,75.6259994506836,2.8445494174957275,0.0,1761.11817004,90.0,8.0
79.5,23.1,353.180419921875,0.6945711970329285,160.2081298828125,2.8602871182670242e-08,4.00634765625,11.956950187683105,108188.234375,389.31988525390625,4e-07,2581.07056885,76.0,6.0
78.1,23.1,534.0,4.5271687507629395,285.255126953125,7.709463716309983e-07,24.625,3.9237401485443115,1441.01611328125,109.34255981445312,0.0,1685.92927958,26.0,3.0
80.1,23.1,423.0,0.3688566982746124,270.0,1.1953129153141617e-08,2.744110107421875,14.044462203979492,187862.546875,377.4645080566406,0.0,236.919064445,90.0,6.0
79.3,23.1,357.0,3.562312364578247,137.41102600097656,3.985625767199963e-07,12.75,8.599867820739746,1087.2696533203125,299.3885803222656,4e-07,663.640293416,90.0,6.0
79.7,23.1,352.0,0.23124024271965027,95.44778442382812,1.8454034744763703e-08,3.53521728515625,7.044670104980469,63.5720329284668,2.2913026809692383,0.0,492.137924613,76.0,6.0
78.9,23.1,338.0,0.39876413345336914,356.1859130859375,1.90519733322958e-09,1.75,8.40865421295166,796.3272705078125,14.955010414123535,0.0,837.983693283,76.0,4.0
78.7,23.1,336.0,0.06903617084026337,227.0755157470703,1.387098325089653e-09,0.729888916015625,8.269956588745117,18.669435501098633,0.4759936034679413,0.0,3358.56717038,90.0,6.0
78.3,23.1,339.0,0.08740919083356857,159.8841552734375,4.261928032711637e-10,0.76422119140625,10.230250358581543,212.9469451904297,2.41752552986145,0.0,1129.37202037,90.0,4.0
77.9,23.1,395.0,2.985191822052002,96.1155014038086,1.676573759823441e-07,14.875,12.506176948547363,-42.57594680786133,63.68105697631836,0.0,807.545023597,90.0,3.0
79.9,23.1,395.0,1.218586802482605,27.19708251953125,6.6729772818518995e-09,4.366668701171875,4.5974836349487305,734.625,19.877988815307617,0.0,188.990699515,90.0,8.0
80.7,23.3,-9999.0,-9999.0,-9999.0,-9999.0,-9999.0,-9999.0,-9999.0,-9999.0,-9999.0,-9999.0,4.0,6.0
78.1,23.3,-9999.0,-9999.0,-9999.0,-9999.0,-9999.0,-9999.0,-9999.0,-9999.0,-9999.0,7325.73543638,90.0,3.0
79.7,23.3,373.0,0.6209293007850647,289.98309326171875,3.763352962593558e-10,2.25,5.933457374572754,193.1344757080078,8.274567604064941,-9999.0,1975.64818046,76.0,6.0
80.9,23.3,-9999.0,-9999.0,-9999.0,-9999.0,-9999.0,-9999.0,-9999.0,-9999.0,-9999.0,10059.3769598,90.0,3.0
79.5,23.3,-9999.0,-9999.0,-9999.0,-9999.0,-9999.0,-9999.0,-9999.0,-9999.0,-9999.0,7088.6707243,90.0,12.0
78.7,23.3,450.0,0.7007690668106079,119.47589111328125,3.295285821991456e-08,4.75,5.768494129180908,227.77305603027344,9.68355655670166,0.0,2495.68582727,90.0,8.0
79.1,23.3,-9999.0,-9999.0,-9999.0,-9999.0,-9999.0,-9999.0,-9999.0,-9999.0,-9999.0,-9999.0,90.0,12.0
80.1,23.3,485.0,1.6742253303527832,330.5928039550781,2.6364639893472486e-07,12.125,12.506176948547363,-2601.171142578125,30.038578033447266,0.0,2768.20936365,90.0,3.0
78.5,23.3,389.0,1.8782881498336792,130.49600219726562,8.810729923425242e-08,6.741668701171875,12.506176948547363,-850.2218627929688,34.88119888305664,-9999.0,774.78101071,90.0,12.0
77.9,23.3,-9999.0,-9999.0,-9999.0,-9999.0,-9999.0,-9999.0,-9999.0,-9999.0,-9999.0,7640.10901965,26.0,10.0
78.9,23.3,443.0,0.7770667672157288,260.17327880859375,4.941798525948116e-09,3.366668701171875,6.30823278427124,531.0762329101562,16.787965774536133,-9999.0,4226.98168553,90.0,12.0
80.5,23.3,-9999.0,-9999.0,-9999.0,-9999.0,-9999.0,-9999.0,-9999.0,-9999.0,0.0,13061.796314,4.0,8.0
80.3,23.3,433.0,0.30893567204475403,335.66082763671875,5.603630892636602e-09,2.068115234375,6.74050235748291,86.17167663574219,3.339083433151245,0.0,1774.58434266,4.0,3.0
79.9,23.3,378.11376953125,0.046977899968624115,82.6183090209961,1.1879913285745003e-12,0.25,8.655763626098633,12.693371772766113,0.28857794404029846,0.0,2709.15415761,76.0,6.0
78.3,23.3,456.0,2.1750006675720215,134.07806396484375,1.1951860869885422e-06,28.616668701171875,12.506176948547363,-391.1191101074219,42.20494079589844,-9999.0,6026.74337259,26.0,6.0
78.5,23.5,-9999.0,-9999.0,-9999.0,-9999.0,-9999.0,-9999.0,-9999.0,-9999.0,-9999.0,-9999.0,90.0,8.0
80.3,23.5,401.0,0.2558346390724182,134.44004821777344,6.175235323091499e-10,1.07989501953125,6.939489364624023,70.62290954589844,2.613044500350952,-9999.0,666.212751809,90.0,6.0
79.9,23.5,397.0,1.9109915494918823,330.9454040527344,1.526509940674714e-08,6.25,13.199324607849121,-1525.6109619140625,54.06937789916992,0.0,1634.88625439,90.0,3.0
80.1,23.5,381.13330078125,0.042325664311647415,215.79856872558594,4.54030990582055e-09,1.0892333984375,14.140083312988281,2481.342529296875,6.357146739959717,0.0,738.585079416,90.0,6.0
78.7,23.5,-9999.0,-9999.0,-9999.0,-9999.0,-9999.0,-9999.0,-9999.0,-9999.0,-9999.0,-9999.0,90.0,10.0
80.5,23.5,-9999.0,-9999.0,-9999.0,-9999.0,-9999.0,-9999.0,-9999.0,-9999.0,-9999.0,8495.27671144,4.0,3.0
79.7,23.5,-9999.0,-9999.0,-9999.0,-9999.0,-9999.0,-9999.0,-9999.0,-9999.0,-9999.0,7320.74327437,90.0,6.0
79.7,23.7,-9999.0,-9999.0,-9999.0,-9999.0,-9999.0,-9999.0,-9999.0,-9999.0,-9999.0,-9999.0,90.0,6.0
79.9,23.7,-9999.0,-9999.0,-9999.0,-9999.0,-9999.0,-9999.0,-9999.0,-9999.0,0.0,11038.2598735,90.0,12.0
80.1,23.7,415.0,0.4868052899837494,99.70641326904297,3.458734187944401e-09,2.0396728515625,6.23463773727417,142.90870666503906,6.030546188354492,0.0,2655.77096244,90.0,8.0
80.5,23.7,-9999.0,-9999.0,-9999.0,-9999.0,-9999.0,-9999.0,-9999.0,-9999.0,-9999.0,-9999.0,90.0,3.0
80.3,23.7,-9999.0,-9999.0,-9999.0,-9999.0,-9999.0,-9999.0,-9999.0,-9999.0,-9999.0,-9999.0,90.0,6.0
