92.625,22.875,213.0,0.4615393579006195,180.0,-0.003827160457149148,101.125,11.624295234680176,7.24632453918457,0.4028801918029785,-9999.0,30174.8364172,19.0,3.0,3.0011622584424913e-05
92.875,22.875,421.0,5.182781219482422,242.2578125,-0.03185185045003891,113.5,9.896203994750977,163.1842041015625,14.141352653503418,-9999.0,5971.23079145,21.0,3.0,2.47121715801768e-05
91.375,23.125,8.0,0.11310069262981415,320.7106018066406,-0.0011111111380159855,5.375,13.723751068115234,3.5513663291931152,0.09813708811998367,0.0010855324,77116.6509996,99.0,6.0,2005.908447265625
91.625,23.125,63.0,1.0486764907836914,258.17852783203125,0.00296296295709908,19.5,12.595248222351074,98.79635620117188,3.4308676719665527,-9999.0,81624.6948914,99.0,3.0,2908.15625
92.625,23.125,569.0,4.337774276733398,154.51409912109375,0.023333333432674408,118.625,9.381855964660645,68.23334503173828,7.406598091125488,-9999.0,40362.50555680001,19.0,3.0,2.7294870960759e-05
92.875,23.125,546.0,2.3892252445220947,323.66412353515625,-0.003950617276132107,72.25,12.37747573852539,412.8583068847656,14.391861915588379,-9999.0,23663.2331632,21.0,3.0,471.8063049316406
93.125,23.375,1212.0,5.29361629486084,147.2389678955078,0.007283950690180063,106.5,9.181778907775879,83.34683227539062,9.58928394317627,-9999.0,50614.5359796,21.0,3.0,2475.5419921875
92.875,23.375,712.0,5.830772399902344,276.1680908203125,-0.020493827760219574,91.125,11.974894523620605,1653.4825439453125,61.56646728515625,-9999.0,49995.3938137,21.0,3.0,2524.10546875
92.625,23.375,624.0,8.652841567993164,162.85498046875,-0.04506172984838486,218.625,9.378752708435059,273.7817077636719,27.446657180786133,0.0008948000000000002,60756.1062743,19.0,3.0,419.15826416015625
91.625,23.375,42.0,0.501388430595398,270.9093933105469,-0.00530864205211401,11.5,13.150915145874023,39.3599967956543,1.178452491760254,0.0013039000000000002,89106.4576739,99.0,3.0,2809.914306640625
91.375,23.375,16.0,0.20288269221782684,154.44003295898438,-0.0017283951165154576,5.125,13.139399528503418,6.370543479919434,0.2097712755203247,0.0014850999999999998,70757.8981915,99.0,3.0,3333.098876953125
91.125,23.375,10.0,0.031830985099077225,90.0,-0.0,1.75,14.298443794250488,0.49974650144577026,0.012457067146897316,0.0011907407,53758.7604081,28.0,-9999.0,44060.359375
92.375,23.375,132.0,0.0,-1.0,-0.0,0.0,-9999.0,0.0,0.0,-9999.0,77309.0226831,19.0,-9999.0,8.901208730094368e-07
92.625,23.625,742.0,12.032962799072266,66.45826721191406,0.008518518880009651,142.625,8.348638534545898,191.74197387695312,27.672142028808594,0.000772,84621.1655284,19.0,3.0,1798.6875
93.375,23.625,1472.0,7.067533493041992,151.56883239746094,0.052345678210258484,167.375,8.890532493591309,111.52593231201172,13.942090034484863,-9999.0,25209.9455702,21.0,3.0,2459.659423828125
93.125,23.625,811.0,4.520366668701172,322.5664367675781,-0.0398765429854393,164.25,14.200272560119629,9174.1220703125,144.27963256835938,-9999.0,50672.9410768,21.0,1.0,4782.2939453125
92.875,23.625,551.0,7.4647321701049805,50.50547790527344,-0.013827160932123661,76.125,10.4447021484375,589.3162841796875,39.302005767822266,0.0009458,76162.3690758,21.0,3.0,4898.166015625
92.375,23.625,589.0,4.918629169464111,123.27971649169922,0.039629630744457245,135.375,9.255640983581543,77.41255187988281,8.717963218688965,-9999.0,98224.2617772,19.0,3.0,1773.46435546875
91.125,23.625,11.0,0.02516460418701172,251.56504821777344,-0.00012345678987912834,2.125,14.533445358276367,0.39508429169654846,0.00917778443545103,0.0014413194,33167.47089270001,28.0,-9999.0,42571.9765625
91.875,23.625,99.0,0.46195074915885925,227.79270935058594,-0.003703703638166189,9.75,16.57923126220703,1029.895263671875,7.889545440673828,-9999.0,97180.0285597,19.0,3.0,3539.574462890625
91.625,23.625,73.0,0.5319052338600159,218.92755126953125,0.008641975000500679,11.0,11.482390403747559,8.351151466369629,0.4844925105571747,-9999.0,74876.4791121,19.0,3.0,3427.754638671875
91.375,23.625,34.0,0.21352776885032654,333.4349365234375,0.0009876543190330267,2.375,12.395112991333008,3.3524014949798584,0.14791086316108704,0.00154,52147.0814386,99.0,6.0,4396.04833984375
92.125,23.625,144.0,1.302612066268921,244.68711853027344,-0.00592592591419816,44.5,10.58658504486084,20.45452880859375,1.5521069765090942,-9999.0,106208.385257,19.0,-9999.0,1781.1475830078125
92.875,23.875,895.0,4.803682804107666,270.8522644042969,0.04790123552083969,144.625,9.279401779174805,75.5948486328125,8.45466423034668,0.0008862,76971.5321558,21.0,9.0,5288.11474609375
93.625,23.875,1755.0,17.05109405517578,103.19297790527344,0.05703703686594963,207.875,7.984798431396484,275.8869323730469,43.11601257324219,-9999.0,9835.72567051,21.0,-9999.0,2353.239990234375
93.375,23.875,907.0,7.267398834228516,313.41131591796875,-0.032592590898275375,110.125,9.960965156555176,344.1401672363281,27.942350387573242,0.001274537,34490.6829479,21.0,15.0,2485.1640625
93.125,23.875,577.0,4.529457092285156,312.7264099121094,-0.003703703638166189,61.5,15.818487167358398,46462.0703125,382.41217041015625,0.000942,58647.1926514,21.0,3.0,4966.2236328125
92.625,23.875,478.0,0.31530842185020447,227.04541015625,0.009135802276432514,98.625,12.005322456359863,4.950392246246338,0.24550707638263702,0.0007215,92073.0469097,19.0,12.0,2882.619140625
92.125,23.875,151.0,0.9061996936798096,253.15618896484375,-0.006666666828095913,26.25,14.841361045837402,697.197509765625,10.004510879516602,0.0017870000000000004,86672.0776719,19.0,3.0,1466.951416015625
91.875,23.875,113.0,0.12831459939479828,172.87498474121094,-0.0002469135797582567,2.125,12.904397010803223,2.014542579650879,0.07629025727510452,0.0021958000000000004,77608.9044273,19.0,1.0,3720.09423828125
91.625,23.875,112.0,1.5769628286361694,254.49136352539062,-0.01962962932884693,35.0,12.004813194274902,123.82283020019531,5.226240158081055,0.0017832,61992.3367689,19.0,1.0,1511.025146484375
91.375,23.875,16.0,0.011253953911364079,45.0,-0.0004938271595165133,3.125,21.473730087280273,81.62943267822266,0.12799490988254547,0.00103,39311.3129969,99.0,3.0,25581.8046875
91.125,23.875,6.0,0.05032920092344284,198.43495178222656,-0.0002469135797582567,1.0,21.667539596557617,1981.7431640625,2.4755589962005615,0.0014427083,18409.09218,28.0,-9999.0,20160.265625
92.375,23.875,234.0,2.822725534439087,259.4497375488281,0.006790123414248228,97.25,9.812617301940918,44.35264205932617,4.239861488342285,0.0011709,98180.6754107,19.0,1.0,3098.541259765625
93.125,24.125,682.0,5.846400260925293,157.67904663085938,0.011111111380159855,292.25,9.081827163696289,92.1080551147461,10.90653133392334,0.0009113,41149.1466875,21.0,3.0,5072.30322265625
93.625,24.125,1207.0,1.6862925291061401,286.7251281738281,-0.00592592591419816,79.625,10.32830810546875,26.482431411743164,2.1709108352661133,-9999.0,16080.3604559,86.0,3.0,4438.86328125
93.375,24.125,732.0,3.451880931854248,125.62969207763672,-0.029629629105329514,98.25,12.383588790893555,868.1620483398438,29.061227798461914,0.0008916,39946.5502454,21.0,12.0,4778.53662109375
92.625,24.125,263.0,2.1941115856170654,119.53878021240234,0.0470370352268219,18.125,10.064863204956055,34.464385986328125,3.0563924312591553,0.0007570000000000001,72755.52559390002,19.0,3.0,4007.439697265625
92.875,24.125,303.0,5.576625347137451,355.6763000488281,-0.004938271827995777,151.625,9.129383087158203,87.83026123046875,10.258946418762207,0.0009659,54534.3648166,19.0,1.0,5502.1513671875
92.125,24.125,138.0,1.2328753471374512,108.43495178222656,0.0069135804660618305,27.25,10.64162540435791,19.359128952026367,1.4449806213378906,0.0016444000000000005,63348.5241465,16.0,3.0,3110.311767578125
91.875,24.125,64.0,0.24345877766609192,78.69007110595703,0.003950617276132107,3.5,12.263930320739746,3.8223259449005127,0.1754131019115448,0.002292,51368.1461884,19.0,6.0,6138.95556640625
91.625,24.125,38.0,0.2724273204803467,96.7098388671875,0.0011111111380159855,4.625,12.151504516601562,4.277141571044922,0.2030179649591446,0.0015450231,42810.98172090001,19.0,6.0,25737.8671875
91.375,24.125,13.0,0.05032920092344284,288.4349365234375,0.0018518518190830946,1.5,13.840298652648926,0.7901687026023865,0.022598348557949066,0.0016141204,32508.9983427,19.0,-9999.0,18554.724609375
92.375,24.125,136.0,0.22281579673290253,0.0,0.015802469104528427,24.25,12.352533340454102,3.4982259273529053,0.15632882714271545,0.0010497,72667.0497992,19.0,1.0,4777.68359375
93.375,24.375,1124.0,22.407649993896484,304.7928161621094,-0.12358024716377258,244.375,9.075191497802734,1483.540283203125,139.3190155029297,0.0008544000000000001,16843.3767827,21.0,9.0,7220.62646484375
91.875,24.375,33.0,0.6156612038612366,63.103763580322266,-0.008395061828196049,11.875,13.415590286254883,77.33002471923828,2.0403194427490234,0.0013982639000000002,25977.3649208,19.0,-9999.0,15802.5576171875
92.125,24.375,229.0,3.794382095336914,108.81438446044922,0.027037037536501884,64.125,9.516145706176758,59.65895462036133,6.225606918334961,0.0013070602,37910.0198442,16.0,3.0,17287.25
92.375,24.375,92.0,0.5541756749153137,302.09259033203125,0.0002469135797582567,17.125,11.441370964050293,8.70082950592041,0.5110266804695129,0.0011918,49405.7829152,16.0,1.0,18623.953125
92.625,24.375,103.0,2.4539501667022705,47.364078521728516,-0.009259259328246117,34.625,11.051430702209473,115.65170288085938,6.833393573760986,0.0007451000000000001,51667.5490088,19.0,3.0,16320.224609375
92.875,24.375,133.0,5.658987522125244,285.9454040527344,-0.02370370365679264,123.375,10.724065780639648,445.6792297363281,27.46222496032715,0.0008232999999999999,36509.71334010001,19.0,3.0,14067.5146484375
93.125,24.375,543.0,3.101203441619873,29.653791427612305,0.018395062536001205,85.875,9.718361854553223,48.7364501953125,4.790980815887451,0.0008498,17023.6091148,21.0,3.0,10603.4375
93.625,24.375,956.0,3.4111266136169434,96.95941925048828,0.009382716380059719,69.125,9.622904777526855,53.61798858642578,5.421813011169434,0.0008820999999999998,30859.4321803,86.0,9.0,4032.972412109375
93.375,24.625,555.0,9.183841705322266,307.4605407714844,0.04246913641691208,217.625,8.625076293945312,145.43267822265625,19.553525924682617,0.0008658999999999999,16053.7215118,21.0,1.0,5388.30517578125
93.625,24.625,532.0,2.6250622272491455,203.38092041015625,-0.029135802760720253,122.25,15.9111909866333,17074.318359375,143.4151611328125,0.0008352,41093.0250233,86.0,3.0,4580.57275390625
92.875,24.625,28.0,0.26103171706199646,307.568603515625,-0.0017283951165154576,7.0,14.592130661010742,45.08049392700195,0.8095536231994629,0.0007992000000000001,18866.8893211,16.0,8.0,5884.96728515625
93.125,24.625,292.0,7.293930530548096,317.5506591796875,-0.02925925888121128,71.75,8.85866928100586,115.13673400878906,14.5223388671875,0.0008306000000000001,7768.45735136,19.0,3.0,5481.28857421875
92.375,24.625,51.0,0.5848605632781982,326.0937194824219,0.005061728414148092,10.75,11.387475967407227,9.182629585266113,0.5481114983558655,0.0012220999999999998,31579.7488344,28.0,6.0,9452.1513671875
92.125,24.625,16.0,0.04501580819487572,45.0,0.0008641975582577288,0.375,13.95186996459961,0.706748366355896,0.019547229632735252,0.0015407407,12042.448468,19.0,-9999.0,10882.888671875
92.625,24.625,35.0,0.04501580819487572,135.0,0.0028395061381161213,2.625,13.95186996459961,0.706748366355896,0.019547229632735252,0.000935,26686.0205425,16.0,1.0,7190.17431640625
93.625,24.875,1185.0,5.745337963104248,250.06419372558594,0.03888889029622078,297.125,9.099384307861328,90.50505065917969,10.6628999710083,0.0006473,43897.0458419,21.0,12.0,2872.577880859375
92.125,24.875,18.0,0.07877762615680695,225.0,0.0006172839784994721,3.625,13.392254829406738,1.2368093729019165,0.040460776537656784,0.0015412037,593.229571645,19.0,-9999.0,6956.68212890625
92.375,24.875,34.0,0.199419766664505,61.38954162597656,0.003950617276132107,1.0,12.463468551635742,3.1309030055999756,0.13533440232276917,0.0012472222,4514.71484143,28.0,-9999.0,7795.1884765625
92.625,24.875,20.0,0.03558812290430069,116.56504821777344,-0.000370370369637385,29.75,17.364925384521484,13.409605979919434,0.09694691747426987,0.0011026,3380.94101835,28.0,8.0,4338.638671875
92.875,24.875,32.0,0.2869182527065277,340.5599670410156,0.0025925925001502037,4.125,12.099678039550781,4.504654407501221,0.21716704964637756,0.001019,6446.73367365,28.0,2.0,2401.53759765625
93.125,24.875,46.0,0.47319090366363525,250.34617614746094,-0.002222222276031971,4.625,12.292510032653809,14.85853099822998,0.630767822265625,0.0009297,3677.93487688,16.0,3.0,2371.555908203125
93.375,24.875,349.0,0.9227444529533386,225.0,-0.0,110.125,12.030057907104492,43.46501922607422,1.9167475700378418,0.0008254,21487.3146627,21.0,3.0,2229.953125
93.875,24.875,882.0,0.0,-1.0,-0.0,0.0,-9999.0,0.0,0.0,-9999.0,68169.8691818,86.0,8.0,2335.325439453125
92.875,25.125,1107.0,14.428201675415039,326.404296875,0.0846913605928421,361.5,8.160510063171387,231.4304962158203,34.89095687866211,0.000867,32433.5448989,86.0,3.0,3865.902099609375
93.125,25.125,872.0,5.766558647155762,313.66259765625,0.00962962955236435,213.75,9.095672607421875,90.84159851074219,10.713955879211426,0.0007164,29630.9482115,86.0,3.0,3714.8701171875
93.375,25.125,344.0,6.161392688751221,277.83819580078125,-0.018395062536001205,171.375,9.722111701965332,194.21620178222656,17.693906784057617,0.000612,41002.115544,86.0,3.0,963.098876953125
93.625,25.125,858.0,15.394659042358398,202.9177703857422,-0.028395062312483788,341.0,8.785802841186523,495.3583679199219,57.425804138183594,0.0005678,58763.3343795,21.0,1.0,815.2725219726562
94.125,25.125,1417.0,16.6972599029541,303.59442138671875,-0.005185185000300407,100.625,8.007030487060547,269.82110595703125,41.98976135253906,-9999.0,77273.2801642,86.0,3.0,1334.900634765625
92.625,25.125,433.0,5.639369010925293,109.30145263671875,0.05469135940074921,135.25,9.118123054504395,88.82482147216797,10.408766746520996,0.001015,21531.2763903,86.0,1.0,2153.99462890625
93.875,25.125,1104.0,7.293046951293945,302.86224365234375,-0.0016049382975324988,93.375,8.85879135131836,115.12262725830078,14.520061492919922,0.0006382,78820.9834736,21.0,3.0,1207.6517333984375
92.375,25.125,51.0,1.1511635780334473,185.552978515625,-0.0025925925001502037,71.375,17.444812774658203,15201.662109375,75.16722106933594,0.0010947,21962.3555189,28.0,1.0,5002.90576171875
91.875,25.125,11.0,0.1125393956899643,261.8699035644531,-0.00148148147854954,2.125,14.421874046325684,7.067483425140381,0.14778906106948853,0.0028114583000000003,37948.57569260001,86.0,-9999.0,7334.8515625
90.125,25.125,16.0,0.03376185894012451,45.0,-0.00074074073927477,1.125,18.87428092956543,54.59630584716797,0.2169537991285324,0.0012554398,41545.0440161,28.0,-9999.0,129498.0390625
91.625,25.125,10.0,0.11310069262981415,39.289405822753906,-0.000370370369637385,1.875,16.026336669921875,35.51366424560547,0.39069080352783203,0.0032789352000000003,27961.9168836,28.0,6.0,8004.04345703125
91.375,25.125,9.0,0.03558812290430069,116.56504821777344,0.0002469135797582567,0.375,14.186872482299805,0.5587335824966431,0.014401483349502087,0.0029743056,21236.7097075,86.0,-9999.0,8322.81640625
91.125,25.125,7.0,0.03558812290430069,333.4349365234375,-0.000370370369637385,0.625,17.79779052734375,20.673141479492188,0.12569798529148102,0.0024915509,15883.7642243,86.0,-9999.0,6712.76513671875
90.875,25.125,7.0,0.03558812290430069,333.4349365234375,-0.000370370369637385,0.625,17.79779052734375,20.673141479492188,0.12569798529148102,0.0019533565,12330.3726939,86.0,-9999.0,5416.2734375
90.625,25.125,12.0,0.02516460418701172,18.434947967529297,-0.00012345678987912834,2.625,14.533445358276367,0.39508429169654846,0.00917778443545103,0.0018275463,21672.9771656,86.0,-9999.0,3098.6328125
90.375,25.125,13.0,0.04774647206068039,0.0,-0.000370370369637385,0.25,21.91390609741211,2281.842529296875,2.5965769290924072,0.0015832176,41658.7000386,28.0,-9999.0,1863.7723388671875
92.125,25.125,16.0,0.02516460418701172,108.43495178222656,0.00074074073927477,1.625,14.533445358276367,0.39508429169654846,0.00917778443545103,0.0017543981,23676.5796699,86.0,1.0,6969.052734375
92.625,25.375,1095.0,1.9175136089324951,153.11605834960938,-0.007037037052214146,101.625,13.755074501037598,1054.0667724609375,21.657392501831055,0.0004716,49084.4781214,86.0,1.0,1284.2237548828125
92.875,25.375,767.0,8.78068733215332,46.82176971435547,0.04950617253780365,98.75,8.670710563659668,138.94515991210938,18.453901290893555,0.0004738,43055.5048403,86.0,10.0,3831.759033203125
93.125,25.375,320.0,2.3996739387512207,321.45880126953125,-0.010493827052414417,13.75,9.975212097167969,37.696903228759766,3.433551788330078,0.0004513999999999999,47821.6668191,86.0,3.0,4048.0888671875
93.375,25.375,1128.0,18.410593032836914,313.4107360839844,-0.00148148147854954,146.0,8.596116065979004,598.8242797851562,71.97430419921875,0.0004773,63096.0332672,86.0,1.0,1558.73193359375
92.375,25.375,1112.0,1.0916754007339478,149.32272338867188,-0.0006172839784994721,21.75,10.763294219970703,17.14137840270996,1.2336674928665161,0.0018031,49336.3586033,86.0,10.0,2477.192138671875
93.875,25.375,1578.0,11.229127883911133,290.260498046875,-0.10345678776502609,253.5,10.722296714782715,1785.8739013671875,100.81966400146484,0.0006224000000000001,96130.3145338,21.0,1.0,1323.55810546875
94.125,25.375,1748.0,8.073831558227539,144.64491271972656,0.07999999821186066,175.5,8.755857467651367,127.6040267944336,16.559467315673828,0.0006605000000000001,78345.134926,86.0,12.0,1508.8497314453125
94.375,25.375,1392.0,7.531041145324707,144.9241485595703,-0.06320987641811371,229.25,10.43575668334961,594.6115112304688,39.753849029541016,-9999.0,55316.678156,86.0,3.0,1459.80859375
93.625,25.375,567.0,14.785470962524414,289.712646484375,-0.03296296298503876,166.75,8.134958267211914,237.4202117919922,35.993377685546875,0.000573,78414.7961007,21.0,3.0,881.0153198242188
92.125,25.375,459.0,2.440837860107422,320.552978515625,-0.014197531156241894,161.375,15.051933288574219,6250.1259765625,74.5853042602539,0.0031346,50655.5669848,86.0,9.0,4152.376953125
88.875,25.375,32.0,0.03558812290430069,333.4349365234375,-0.0009876543190330267,0.75,17.554168701171875,16.20327377319336,0.1086040586233139,0.0013592593,66836.5256994,28.0,6.0,7.064959845592966e-06
91.625,25.375,1331.0,11.778173446655273,116.54798126220703,0.02975308708846569,212.25,8.370668411254883,187.56414794921875,26.92365264892578,0.004825199999999999,51721.5908629,86.0,1.0,2441.03173828125
91.375,25.375,879.0,3.364445686340332,165.07730102539062,-0.03246913477778435,81.875,12.469929695129395,899.0030517578125,29.150327682495117,0.0023324,48426.3005126,86.0,10.0,3389.221923828125
91.125,25.375,326.0,5.27780294418335,40.73210525512695,-0.01827160455286503,2.125,10.57108211517334,332.3857116699219,21.945119857788086,0.001677,43275.2771737,86.0,10.0,2994.611572265625
90.875,25.375,326.0,5.27780294418335,40.73210525512695,-0.01827160455286503,2.125,10.57108211517334,332.3857116699219,21.945119857788086,0.000723,39861.7168601,86.0,1.0,2175.299560546875
90.625,25.375,298.0,6.053282260894775,228.29168701171875,0.004814814776182175,167.625,9.046801567077637,95.39134979248047,11.409042358398438,0.00096,47092.034193,106.0,3.0,1842.4119873046875
90.375,25.375,65.0,2.2906651496887207,333.6128845214844,-0.015061728656291962,28.125,11.120366096496582,107.94779205322266,6.248607635498047,0.0012946,59015.5324461,106.0,3.0,3803.08154296875
90.125,25.375,106.0,1.3457648754119873,272.371826171875,0.015308641828596592,10.875,10.553982734680176,21.13239288330078,1.6192679405212402,0.0012547454,40961.0609469,106.0,3.0,129648.359375
89.875,25.375,34.0,0.6585917472839355,241.8867950439453,-0.006419753190129995,14.125,13.060495376586914,62.042076110839844,1.8740888833999634,0.0011325231,17362.6927212,28.0,6.0,16591.935546875
89.125,25.375,27.0,0.14412063360214233,96.34019470214844,-0.0006172839784994721,3.5,15.678603172302246,40.728580474853516,0.5025944113731384,0.0012350694,49076.1764229,28.0,-9999.0,509.7420349121094
91.875,25.375,1138.0,11.614520072937012,153.72930908203125,0.0654321014881134,225.25,8.385056495666504,184.88478088378906,26.44504165649414,0.0051909,59922.2399235,86.0,3.0,2805.353271484375
93.125,25.625,217.0,2.2375783920288086,234.84112548828125,-0.010987654328346252,38.75,11.143838882446289,105.4435043334961,6.0611042976379395,0.0004908,26041.2066874,99.0,1.0,3940.1669921875
92.875,25.625,241.0,1.2180018424987793,88.12825775146484,0.012592592276632786,20.25,10.653766632080078,19.125507354736328,1.42236328125,0.0006592000000000001,15690.8245009,99.0,12.0,3520.860595703125
93.375,25.625,310.0,2.4093689918518066,345.27569580078125,-0.008518518880009651,23.875,13.106669425964355,870.5357666015625,22.649335861206055,0.0005480000000000001,47419.2088879,99.0,1.0,1744.4129638671875
92.625,25.625,686.0,0.7043038010597229,57.92599868774414,-0.0028395061381161213,28.5,17.117826461791992,4102.56494140625,24.288959503173828,0.0005366,32747.315712,86.0,3.0,2359.922607421875
93.875,25.625,1481.0,15.88503646850586,205.06419372558594,-0.013456789776682854,375.625,8.059686660766602,255.98094177246094,39.42313766479492,0.000595,73156.0341506,86.0,3.0,2691.05029296875
94.125,25.625,1229.0,5.6959099769592285,232.0130615234375,-0.017037037760019302,223.625,13.15113353729248,5114.111328125,119.27197265625,0.0005935,73065.9157314,86.0,6.0,2653.134033203125
94.375,25.625,1318.0,4.549391746520996,133.7269744873047,0.02925925888121128,225.875,9.334033012390137,71.5757827758789,7.878746509552002,-9999.0,48053.2459926,86.0,1.0,2475.50927734375
93.625,25.625,568.0,2.110743522644043,118.59323120117188,-0.034567900002002716,96.0,13.99545669555664,1624.5291748046875,30.023876190185547,0.0006157,71144.522616,86.0,6.0,1208.253662109375
92.375,25.625,1114.0,0.2822454571723938,68.49856567382812,-0.01975308731198311,28.0,16.55875015258789,376.65960693359375,3.0561513900756836,0.0009997,54054.4647761,86.0,1.0,3208.13671875
89.875,25.625,61.0,0.5085358619689941,290.13629150390625,0.002222222276031971,14.5,11.527321815490723,7.984222888946533,0.45700541138648987,0.0013634259,12298.6167632,14.0,-9999.0,14329.962890625
91.875,25.625,1471.0,4.993695259094238,106.24563598632812,0.014567901380360126,78.125,9.240418434143066,78.59993743896484,8.890885353088379,0.0039711,62531.7037278,86.0,1.0,3537.0146484375
91.625,25.625,1610.0,1.2952067852020264,95.64054870605469,-0.0327160507440567,49.125,13.425501823425293,345.7495422363281,8.432820320129395,0.0034559,57945.5376276,86.0,6.0,1074.546630859375
91.375,25.625,1369.0,1.6891409158706665,238.48089599609375,-0.019876543432474136,17.625,11.42523193359375,79.58157348632812,4.205981254577637,0.0012709000000000002,58705.7022458,86.0,1.0,2956.004150390625
91.125,25.625,1369.0,1.6891409158706665,238.48089599609375,-0.019876543432474136,17.625,11.42523193359375,79.58157348632812,4.205981254577637,0.0011467,63158.2445065,86.0,1.0,7078.64501953125
90.875,25.625,804.0,2.548797130584717,174.44949340820312,-0.005432098638266325,43.0,10.60799503326416,80.08501434326172,5.6283159255981445,0.0007119,62214.3651691,106.0,1.0,3519.61181640625
90.625,25.625,390.0,2.534956932067871,251.3376922607422,0.01086419727653265,37.25,9.920299530029297,39.82478713989258,3.6871297359466553,0.0008294999999999999,60718.6161207,106.0,3.0,1971.760986328125
90.375,25.625,566.0,2.6469814777374268,355.8653259277344,0.008395061828196049,39.0,9.876997947692871,41.58717346191406,3.900193929672241,0.0011145,47023.4433723,106.0,3.0,15471.4462890625
90.125,25.625,229.0,1.1155908107757568,306.2977600097656,0.004938271827995777,30.625,10.741618156433105,17.516986846923828,1.2689118385314941,0.001358,29813.99865,106.0,3.0,129554.9140625
92.125,25.625,1311.0,3.5853946208953857,45.359214782714844,0.018888888880610466,68.25,9.572955131530762,56.36421585083008,5.784162998199463,0.0019881,71683.0075717,86.0,1.0,5314.83251953125
92.875,25.875,100.0,0.1125393956899643,171.86990356445312,-0.0019753086380660534,8.25,14.134191513061523,5.300612449645996,0.12435952574014664,0.0005364,328.732352729,99.0,2.0,6442.42822265625
93.125,25.875,154.0,1.1284523010253906,234.1805419921875,-0.006666666828095913,39.875,13.2951021194458,230.34689331054688,6.001618385314941,0.0004934000000000001,20468.3578725,99.0,2.0,4853.42626953125
93.375,25.875,215.0,0.2996568977832794,349.286865234375,0.000370370369637385,8.625,12.05623722076416,4.70465612411499,0.22978393733501434,0.0005338999999999999,44390.2558165,99.0,3.0,2428.399169921875
93.625,25.875,164.0,0.12732374668121338,0.0,-0.0004938271595165133,4.625,19.3983097076416,1311.3349609375,3.700282096862793,0.0006006000000000001,56961.425894,99.0,3.0,1562.8275146484375
94.625,25.875,925.0,8.736393928527832,99.88798522949219,-0.052222222089767456,219.875,15.365446090698242,111139.5390625,1014.8665771484375,-9999.0,32158.0194825,86.0,3.0,1691.19580078125
94.125,25.875,1051.0,5.418966293334961,174.623291015625,0.04024691507220268,203.0,9.158238410949707,85.33209991455078,9.88464069366455,0.0004863000000000001,47118.9604827,86.0,3.0,2644.369140625
94.375,25.875,925.0,8.736393928527832,99.88798522949219,-0.052222222089767456,219.875,15.365446090698242,111139.5390625,1014.8665771484375,0.0004646,52916.2611521,86.0,3.0,2509.593017578125
92.625,25.875,548.0,2.0936942100524902,60.90311050415039,-0.0023456790950149298,70.125,10.111753463745117,32.88562774658203,2.8758904933929443,0.0004235000000000001,17136.2688616,99.0,3.0,6826.6884765625
93.875,25.875,1007.0,2.7609758377075195,108.12185668945312,0.031481482088565826,85.25,9.834771156311035,43.38086700439453,4.119776725769043,0.0005367000000000001,45903.5179393,86.0,8.0,2969.398193359375
92.125,25.875,1091.0,2.119619131088257,183.4422149658203,0.030493827536702156,134.875,10.09943675994873,33.29319763183594,2.922248601913452,0.001033,44829.6349697,86.0,1.0,9936.8115234375
92.375,25.875,598.0,5.437375068664551,352.2009582519531,-0.03728394955396652,68.375,16.836849212646484,185717.875,996.8405151367188,0.000529,34711.37209560001,106.0,3.0,8626.1376953125
91.625,25.875,421.0,2.877271890640259,17.03288459777832,0.0032098765950649977,60.375,9.793445587158203,45.21113967895508,4.346590042114258,0.0014632999999999998,30553.4197495,86.0,3.0,10284.7265625
91.375,25.875,699.0,6.383918285369873,337.8287658691406,0.010493827052414417,61.625,9.686347961425781,201.28785705566406,18.52570152282715,0.0010216,32034.4934448,106.0,3.0,10364.2734375
91.125,25.875,699.0,6.383918285369873,337.8287658691406,0.010493827052414417,61.625,9.686347961425781,201.28785705566406,18.52570152282715,0.0010599,36107.9303353,106.0,3.0,12568.96484375
90.875,25.875,530.0,0.5463510155677795,12.619321823120117,0.014691358432173729,72.0,11.455592155456543,8.577970504760742,0.501666784286499,0.0007247999999999999,34677.8841114,106.0,1.0,14409.1337890625
90.625,25.875,433.0,1.4970695972442627,182.4366455078125,0.00962962955236435,88.375,10.447391510009766,23.509336471557617,1.859777569770813,0.000779,34362.2602236,86.0,3.0,13629.21875
90.375,25.875,219.0,2.9149277210235596,292.7881774902344,0.002098765457049012,22.875,10.879034042358398,137.41156005859375,8.545868873596191,0.0016736,25127.2960866,106.0,3.0,112116.2734375
90.125,25.875,116.0,0.17215187847614288,56.309932708740234,-0.005061728414148092,9.75,16.22142219543457,100.00332641601562,0.975699782371521,0.0014407,11452.8260043,28.0,3.0,9122.5302734375
89.875,25.875,31.0,0.04057670012116432,11.309931755065918,0.0016049382975324988,0.75,14.055689811706543,0.6370543241500854,0.017079314216971397,0.0013629629999999998,4251.09475803,3.0,-9999.0,14488.974609375
89.625,25.875,31.0,0.031830985099077225,90.0,-0.0002469135797582567,1.125,14.298443794250488,0.49974650144577026,0.012457067146897316,0.0016675926,18910.6946526,28.0,-9999.0,1624.630126953125
89.375,25.875,36.0,0.02516460418701172,341.5650634765625,-0.0009876543190330267,1.625,20.06287384033203,99.56124877929688,0.2532667815685272,0.0014662037,3110.65002888,28.0,-9999.0,4800.61083984375
91.875,25.875,674.0,1.6468192338943481,15.983414649963379,-0.0024691359139978886,24.5,10.352007865905762,25.8621768951416,2.105099678039551,0.0016862,36435.19684650001,86.0,1.0,10443.4697265625
92.375,26.125,331.0,7.674621105194092,345.1903076171875,0.01160493865609169,87.625,10.416647911071777,606.0831298828125,40.736061096191406,0.0005906,16082.7753411,106.0,3.0,87795.0625
92.625,26.125,72.0,0.031830985099077225,0.0,0.0017283951165154576,6.625,14.298443794250488,0.49974650144577026,0.012457067146897316,0.0005522,269.569515293,99.0,3.0,88778.734375
94.875,26.125,1930.0,15.229466438293457,157.12380981445312,0.025555554777383804,288.125,8.103974342346191,244.89141845703125,37.371761322021484,-9999.0,49633.5096895,86.0,1.0,2763.162353515625
93.125,26.125,103.0,0.18320047855377197,325.6196594238281,0.0011111111380159855,2.75,12.548299789428711,2.8762574195861816,0.12120327353477478,0.0003779,34881.9436823,99.0,8.0,2149.6328125
93.375,26.125,174.0,4.923254489898682,233.2594451904297,-0.05246913433074951,148.625,15.336915016174316,33938.73828125,335.6053771972656,0.0003994,55183.1755348,106.0,3.0,2416.44970703125
94.625,26.125,1291.0,10.84585952758789,256.7999267578125,0.030617283657193184,218.375,8.455312728881836,172.34132385253906,24.22040367126465,-9999.0,54920.9586503,86.0,1.0,3251.312255859375
93.875,26.125,142.0,0.45014891028404236,278.1300964355469,-0.00012345678987912834,6.375,12.747897148132324,21.202449798583984,0.7539467811584473,0.0006272000000000001,19891.4221952,99.0,8.0,3566.52099609375
94.125,26.125,816.0,9.7410306930542,202.2490234375,-0.07506173104047775,195.25,11.130041122436523,2007.504150390625,98.29769134521484,0.000638,22547.4441887,86.0,3.0,3358.850341796875
94.375,26.125,1291.0,10.84585952758789,256.7999267578125,0.030617283657193184,218.375,8.455312728881836,172.34132385253906,24.22040367126465,0.0005439,43234.26608210001,86.0,3.0,1123.1953125
92.125,26.125,500.0,4.6961517333984375,158.68429565429688,0.0882716029882431,184.0,9.302145004272461,73.89496612548828,8.21001148223877,0.000583,17173.8263902,106.0,5.0,86731.9296875
93.625,26.125,185.0,0.33855122327804565,23.552263259887695,0.00074074073927477,2.875,11.934197425842285,5.315316200256348,0.2692892849445343,0.0004994,38734.159469,106.0,3.0,1377.77197265625
91.875,26.125,367.0,0.7210058569908142,280.8138732910156,0.009259259328246117,70.875,11.178184509277344,11.320388793945312,0.7194758057594299,0.0010429,12182.7306024,106.0,9.0,86121.2109375
92.875,26.125,68.0,0.07117621600627899,296.5650634765625,-0.0006172839784994721,1.5,15.10316276550293,5.587335586547852,0.09313822537660599,0.0005727,16454.8855493,99.0,2.0,2102.953125
91.375,26.125,44.0,0.056269753724336624,278.1300964355469,-0.0011111111380159855,4.25,15.115020751953125,3.5337419509887695,0.06002113223075867,0.0010817,8429.42496141,86.0,7.0,89627.9765625
88.875,26.125,62.0,0.04640123248100281,149.03623962402344,-0.0,2.25,16.000999450683594,5.827996253967285,0.07080322504043579,0.0014377315,17728.5098409,28.0,-9999.0,8630.0185546875
89.125,26.125,55.0,0.03558812290430069,116.56504821777344,-0.0011111111380159855,4.125,18.581321716308594,45.25741958618164,0.2011399269104004,0.0014640046,3264.75284114,28.0,-9999.0,4814.4697265625
89.375,26.125,47.0,0.07549377530813217,108.43495178222656,0.0008641975582577288,3.125,13.434833526611328,1.1852530241012573,0.038282040506601334,0.0016884259,26617.0128413,28.0,9.0,796.0296630859375
89.625,26.125,35.0,0.02516460418701172,108.43495178222656,-0.00012345678987912834,1.0,20.4415283203125,145.39102172851562,0.31786787509918213,0.0016877315,13992.8290371,28.0,-9999.0,2724.0244140625
89.875,26.125,50.0,0.4107237458229065,305.5376892089844,0.0043209875002503395,8.375,11.740945816040039,6.4484734535217285,0.3461948335170746,0.001836,5803.62694492,28.0,4.0,11935.810546875
91.625,26.125,61.0,0.15755495429039001,45.0,0.003827160457149148,2.5,12.69910717010498,2.473618984222412,0.09962575137615204,0.0015662,4997.16946464,86.0,9.0,86644.203125
90.375,26.125,41.0,0.5587272047996521,63.79988479614258,-0.0019753086380660534,14.75,12.126338005065918,17.544588088989258,0.7828516364097595,0.0045645,3529.08263618,3.0,11.0,3212.44140625
90.625,26.125,54.0,0.11083845794200897,338.9624938964844,0.0032098765950649977,5.875,13.050808906555176,1.7401660680770874,0.06306784600019455,0.0011316,7862.64755546,86.0,8.0,112919.0
90.875,26.125,70.0,0.4542098939418793,273.0127868652344,0.009506172500550747,8.125,11.640303611755371,7.131244659423828,0.3945828974246979,0.0008177,8044.97513852,86.0,10.0,112199.625
91.125,26.125,44.0,0.056269753724336624,278.1300964355469,-0.0011111111380159855,4.25,15.115020751953125,3.5337419509887695,0.06002113223075867,0.0008417,9008.04796479,86.0,6.0,107991.9296875
90.125,26.125,40.0,0.09280239790678024,239.03623962402344,0.0013580246595665812,2.125,13.228410720825195,1.4569989442825317,0.05006536468863487,0.0043817,7793.21319943,86.0,4.0,5033.90087890625
92.375,26.375,66.0,0.15014612674713135,32.0053825378418,0.0033333334140479565,4.75,12.747272491455078,2.357299566268921,0.0935789942741394,0.0006276,3099.39983974,86.0,5.0,1199.484130859375
92.625,26.375,67.0,0.1373717486858368,259.9920349121094,0.00074074073927477,1.375,12.836191177368164,2.15674090385437,0.08336366713047028,0.0005432000000000001,16103.9574022,99.0,9.0,89716.5234375
92.875,26.375,95.0,6.250753879547119,290.6410827636719,-0.028148148208856583,82.5,12.149946212768555,2266.1357421875,78.04412841796875,0.0004204,23018.6016931,106.0,6.0,13035.025390625
93.125,26.375,330.0,7.988325119018555,168.4676513671875,0.03345679119229317,120.125,8.766645431518555,126.23489379882812,16.333328247070312,0.0004923999999999999,28514.1752853,106.0,3.0,12649.0322265625
93.375,26.375,845.0,7.116932392120361,40.850162506103516,-0.010987654328346252,124.875,9.576642990112305,224.626953125,21.323486328125,0.0005748,34768.0634681,106.0,1.0,12550.8291015625
94.125,26.375,631.0,10.365791320800781,246.74429321289062,0.02481481432914734,41.125,8.50163459777832,164.54022216796875,22.851444244384766,0.000661,15641.3609198,86.0,6.0,9330.1884765625
93.875,26.375,112.0,0.19910196959972382,92.29061126708984,0.0002469135797582567,3.125,12.465063095092773,3.125913381576538,0.1350540965795517,0.0010515,7602.74535905,99.0,2.0,11510.16015625
94.375,26.375,1258.0,4.518921375274658,121.3436508178711,0.05740740895271301,163.125,9.340781211853027,71.09439849853516,7.810359001159668,0.0006184000000000001,40115.1416778,86.0,3.0,7205.7001953125
94.625,26.375,1258.0,4.518921375274658,121.3436508178711,0.05740740895271301,163.125,9.340781211853027,71.09439849853516,7.810359001159668,0.0006554999999999999,64886.2842435,86.0,3.0,7163.8916015625
92.125,26.375,56.0,0.18730245530605316,12.26477336883545,0.0011111111380159855,3.125,12.526155471801758,2.940659284591675,0.1247430071234703,0.0006417,2375.05070285,86.0,7.0,2241.82421875
95.125,26.375,2050.0,17.036985397338867,182.0,-0.05543209984898567,243.5,9.08428955078125,826.9337768554688,83.26410675048828,-9999.0,52402.7982839,86.0,-9999.0,1197.19482421875
93.625,26.375,403.0,4.180067539215088,18.84813117980957,0.018518518656492233,90.375,9.419026374816895,65.74362182617188,7.059085845947266,0.0009507,29913.2951057,106.0,3.0,11907.0205078125
94.875,26.375,1885.0,5.9873948097229,321.9919128417969,0.05493827164173126,168.875,9.05782699584961,94.34542846679688,11.248458862304688,0.0005192,75052.696707,86.0,3.0,6648.2275390625
91.875,26.375,50.0,0.16113168001174927,147.09475708007812,-0.0009876543190330267,11.125,14.286097526550293,12.648871421813965,0.2694183588027954,0.0007661,13745.4045369,86.0,5.0,2603.090576171875
91.375,26.375,43.0,0.022507907822728157,315.0,0.000370370369637385,2.25,14.645017623901367,0.3533742129802704,0.007938645780086517,0.0007046,16084.6269577,86.0,8.0,5242.59716796875
91.625,26.375,48.0,0.04640123248100281,210.96376037597656,0.00012345678987912834,1.0,13.921557426452637,0.7284995317459106,0.020332885906100273,0.0006843,22694.5989251,86.0,2.0,3476.061767578125
88.625,26.375,84.0,0.12430378794670105,140.19442749023438,-0.0006172839784994721,1.625,15.501103401184082,25.37044334411621,0.34111902117729187,-9999.0,16630.0226654,21.0,-9999.0,5.86162559557124e-06
88.875,26.375,77.0,0.02516460418701172,198.43495178222656,0.000370370369637385,1.5,14.533445358276367,0.39508429169654846,0.00917778443545103,0.0036888,209.417737165,28.0,6.0,9249.5830078125
89.125,26.375,70.0,0.07117621600627899,63.4349479675293,0.0018518518190830946,2.5,13.493724822998047,1.1174671649932861,0.035460587590932846,0.0014634259,17580.4854835,28.0,9.0,5094.7939453125
89.625,26.375,48.0,0.08789612352848053,84.80557250976562,-0.0009876543190330267,1.75,13.975874900817871,2.7599403858184814,0.07071134448051453,0.0026111,15933.5946565,28.0,3.0,4773.3310546875
89.375,26.375,62.0,0.06060437485575676,246.80140686035156,0.00074074073927477,1.875,13.654516220092773,0.9514890313148499,0.028771713376045227,0.0026707,36175.4424222,18.0,8.0,1894.2030029296875
90.125,26.375,55.0,0.15634453296661377,194.74356079101562,-0.0008641975582577288,2.375,16.714153289794922,135.00384521484375,1.0920313596725464,0.0033632,25230.3755639,18.0,7.0,4249.99609375
90.375,26.375,63.0,0.09280239790678024,149.03623962402344,0.0008641975582577288,1.875,13.228410720825195,1.4569989442825317,0.05006536468863487,0.0033551,20019.6497093,18.0,6.0,3894.401123046875
90.625,26.375,48.0,0.04640123248100281,210.96376037597656,0.003703703638166189,2.25,13.921557426452637,0.7284995317459106,0.020332885906100273,0.0017769,17847.612239,18.0,6.0,4992.51171875
90.875,26.375,39.0,0.1125393956899643,315.0,-0.0013580246595665812,2.125,14.134191513061523,5.300612449645996,0.12435952574014664,0.0016604,4902.20907993,18.0,8.0,9168.6025390625
91.125,26.375,43.0,0.022507907822728157,315.0,0.000370370369637385,2.25,14.645017623901367,0.3533742129802704,0.007938645780086517,0.0008635,14820.2302906,86.0,4.0,23893.931640625
89.875,26.375,58.0,0.14673328399658203,130.60128784179688,-0.0002469135797582567,2.0,12.770265579223633,2.303717613220215,0.09082330763339996,0.0028017,2849.61278076,18.0,6.0,7711.3857421875
93.375,26.625,565.0,3.383669137954712,121.74858093261719,0.056790124624967575,72.375,9.631006240844727,53.185386657714844,5.365213394165039,0.0007907999999999999,8844.15127601,106.0,13.0,73553.90625
92.625,26.625,67.0,0.031830985099077225,270.0,-0.0,0.625,14.298443794250488,0.49974650144577026,0.012457067146897316,0.0006163,4023.20560503,86.0,2.0,86538.796875
92.875,26.625,71.0,0.09073220193386078,164.74488830566406,-0.00074074073927477,3.25,14.349583625793457,4.273489952087402,0.09398815035820007,0.0003915,1451.78351765,86.0,2.0,88162.671875
93.125,26.625,512.0,11.686058044433594,63.4349479675293,0.05246913433074951,105.625,8.378744125366211,186.05563354492188,26.654048919677734,0.0007237,2048.12459467,99.0,3.0,81169.8671875
93.625,26.625,244.0,2.6884970664978027,14.036242485046387,-0.00012345678987912834,35.875,9.86141300201416,42.240379333496094,3.979844331741333,0.000687,9668.39128139,106.0,2.0,72021.5078125
92.375,26.625,62.0,0.06845510005950928,54.46232223510742,0.0004938271595165133,1.75,13.532705307006836,1.0747456550598145,0.03370840102434158,0.0007323,10269.725907,86.0,8.0,500.9150695800781
94.125,26.625,122.0,0.3372393846511841,289.2900390625,-0.0019753086380660534,3.75,13.036691665649414,15.884159088134766,0.5179644227027893,0.0007276,22347.4401344,99.0,6.0,69023.46875
94.375,26.625,122.0,0.3372393846511841,289.2900390625,-0.0019753086380660534,3.75,13.036691665649414,15.884159088134766,0.5179644227027893,0.0007233,31504.978675,99.0,6.0,58344.375
94.875,26.625,902.0,13.559711456298828,342.8172302246094,-0.032098766416311264,116.375,8.918274879455566,433.8977966308594,48.862918853759766,0.0005489,56011.8734208,86.0,3.0,4684.24755859375
95.125,26.625,833.0,8.355605125427246,348.1587829589844,-0.10469135642051697,142.5,12.38464069366455,5152.6796875,155.92657470703125,0.00055706019,70489.3622791,21.0,12.0,1031.5098876953125
95.375,26.625,646.0,2.010895013809204,30.419578552246094,-0.0483950600028038,110.125,15.064793586730957,4295.4248046875,52.014503479003906,-9999.0,56741.6575395,86.0,-9999.0,2473.08837890625
93.875,26.625,104.0,0.06060437485575676,113.19859313964844,0.0002469135797582567,3.375,13.654516220092773,0.9514890313148499,0.028771713376045227,0.0007098,4993.28763243,99.0,5.0,70913.234375
92.125,26.625,65.0,0.14412063360214233,263.6598205566406,-0.0009876543190330267,2.0,15.783963203430176,45.25397872924805,0.5353923439979553,0.001206,20611.6197025,86.0,7.0,1462.689208984375
94.625,26.625,654.0,14.882294654846191,311.9070739746094,-0.018888888880610466,169.125,8.128129959106445,239.0468292236328,36.29318618774414,0.0006401,42659.1755778,86.0,3.0,57262.20703125
91.625,26.625,59.0,0.24860641360282898,219.80557250976562,-0.0013580246595665812,2.375,16.775606155395508,362.99249267578125,2.735046625137329,0.0011372,47289.2785096,86.0,6.0,1560.17822265625
88.625,26.625,135.0,0.4947778582572937,242.19854736328125,0.0004938271595165133,5.375,11.554750442504883,7.768205165863037,0.4409983456134796,0.0039061,7518.16377768,46.0,6.0,2.930791197286453e-06
88.875,26.625,126.0,0.2919502854347229,252.5528106689453,0.004938271827995777,4.0,12.082291603088379,4.5836591720581055,0.22213132679462433,0.0034455,10896.5369552,46.0,2.0,8980.4775390625
89.125,26.625,124.0,0.5874530673027039,208.30075073242188,-0.00012345678987912834,7.0,12.076199531555176,18.446672439575195,0.8355721235275269,0.0034929,35809.0073293,18.0,2.0,4131.02880859375
91.875,26.625,66.0,0.19230693578720093,114.44395446777344,0.0004938271595165133,2.25,12.499787330627441,3.019230365753174,0.12909311056137085,0.0011055,37570.3930187,86.0,6.0,1617.2879638671875
89.625,26.625,684.0,6.568689823150635,215.37701416015625,0.07419753074645996,121.75,8.964424133300781,103.58218383789062,12.682269096374512,0.00371,25454.0309303,18.0,2.0,4676.72265625
89.875,26.625,297.0,8.14786434173584,148.08299255371094,0.017037037760019302,109.125,11.04919147491455,1287.8994140625,66.70606994628906,0.0025971,2674.90814185,18.0,3.0,3161.33837890625
89.375,26.625,124.0,0.3340320885181427,192.38075256347656,0.0006172839784994721,4.75,20.45639419555664,26001.5546875,43.63310623168945,0.0035832,49618.4479514,18.0,9.0,3199.3935546875
90.375,26.625,139.0,0.5407595634460449,147.011474609375,-0.0019753086380660534,7.375,16.84577751159668,1842.3682861328125,12.487733840942383,0.0021154,45289.7064746,86.0,6.0,3767.891357421875
90.625,26.625,243.0,5.82717227935791,201.6421356201172,-0.020864197984337807,82.25,9.778291702270508,183.60606384277344,16.460811614990234,0.0029375,26282.4554391,86.0,3.0,5779.828125
90.875,26.625,51.0,0.30406224727630615,96.00900268554688,0.0002469135797582567,5.625,12.041642189025879,4.77382230758667,0.234185129404068,0.0027234000000000004,1682.21301722,46.0,6.0,10345.263671875
91.125,26.625,49.0,0.13598178327083588,290.5560302734375,-0.0011111111380159855,3.25,13.539508819580078,4.26983642578125,0.12469616532325745,0.0018287,21061.1431153,18.0,2.0,23127.724609375
91.375,26.625,49.0,0.13598178327083588,290.5560302734375,-0.0011111111380159855,3.25,13.539508819580078,4.26983642578125,0.12469616532325745,0.0012591,35681.6214882,18.0,3.0,4201.2763671875
90.125,26.625,266.0,3.155400276184082,185.63877868652344,0.010740741156041622,46.0,9.701003074645996,49.589881896972656,4.900002479553223,0.0019625,21184.8922238,86.0,3.0,3029.149169921875
93.875,26.875,84.0,0.09073220193386078,74.74488067626953,0.0013580246595665812,3.25,13.250970840454102,1.4244966506958008,0.04861836135387421,0.0007371000000000001,2018.85472693,86.0,8.0,11071.3671875
92.875,26.875,75.0,0.02516460418701172,161.56504821777344,-0.0004938271595165133,2.25,17.423816680908203,7.111517429351807,0.051987793296575546,0.0004376,1858.78287599,18.0,2.0,15076.8583984375
93.125,26.875,88.0,0.14673328399658203,102.52880859375,0.00148148147854954,2.75,12.770265579223633,2.303717613220215,0.09082330763339996,0.0007181,24252.8590947,18.0,8.0,17277.900390625
93.375,26.875,85.0,0.3090200126171112,168.11134338378906,0.00296296295709908,4.125,12.025468826293945,4.851661205291748,0.23916107416152954,0.0007937,12890.1098339,86.0,8.0,16012.7607421875
93.625,26.875,79.0,0.14235222339630127,296.5650634765625,-0.00074074073927477,1.75,13.899189949035645,6.704803466796875,0.16879375278949738,0.0007546,15455.6088522,86.0,8.0,13994.248046875
94.125,26.875,98.0,0.0954928770661354,270.0,0.0028395061381161213,3.0,13.19983196258545,1.499239444732666,0.05196041613817215,0.0007309,155.227733191,86.0,11.0,26418.833984375
95.875,26.875,1665.0,17.338518142700195,166.30995178222656,-0.014814814552664757,185.125,8.66018295288086,561.6622924804688,66.74358367919922,-9999.0,81125.6411568,86.0,-9999.0,1860.14306640625
94.625,26.875,107.0,0.1125393956899643,351.8699035644531,0.0004938271595165133,1.75,13.035579681396484,1.7668708562850952,0.06432892382144928,0.0007342000000000001,19223.3000516,99.0,2.0,1612.8272705078125
94.875,26.875,98.0,0.07549377530813217,288.4349365234375,0.0009876543190330267,1.625,13.434833526611328,1.1852530241012573,0.038282040506601334,0.0005152000000000001,37660.7227659,86.0,2.0,54307.65234375
95.125,26.875,107.0,0.09073220193386078,37.87498474121094,-0.002222222276031971,3.0,15.448195457458496,12.820469856262207,0.18169619143009186,0.0005276,57763.7354587,86.0,6.0,3601.8154296875
95.375,26.875,357.0,8.925555229187012,357.87139892578125,-0.06061728298664093,31.0,11.87295913696289,3531.8681640625,130.02218627929688,0.0005159722200000001,75551.783197,21.0,15.0,3627.23291015625
95.625,26.875,1653.0,8.578157424926758,0.7385779619216919,0.0420987643301487,195.0,8.694406509399414,135.69142150878906,17.90664291381836,0.00061585648,78278.6735089,86.0,-9999.0,2308.247802734375
92.625,26.875,89.0,0.022507907822728157,135.0,0.0004938271595165133,2.375,14.645017623901367,0.3533742129802704,0.007938645780086517,0.0005453999999999999,15321.4911094,18.0,8.0,6716.8193359375
94.375,26.875,98.0,0.0954928770661354,270.0,0.0028395061381161213,3.0,13.19983196258545,1.499239444732666,0.05196041613817215,0.0007491,7360.45668307,99.0,6.0,5129.4169921875
92.375,26.875,106.0,0.21144163608551025,160.2011260986328,0.0002469135797582567,2.875,12.404930114746094,3.3196489810943604,0.14603504538536072,0.0006288999999999999,29608.0235631,18.0,6.0,3440.227783203125
91.625,26.875,141.0,1.06193208694458,160.75047302246094,-0.00012345678987912834,14.375,16.343883514404297,4301.95458984375,33.31010437011719,0.0012925926,36347.3330444,46.0,-9999.0,3379.439208984375
91.875,26.875,150.0,0.5946305990219116,195.52410888671875,0.000370370369637385,6.875,11.3709077835083,9.33603572845459,0.5600437521934509,0.0011480324,57294.6624852,46.0,-9999.0,3358.4404296875
88.125,26.875,1103.0,12.5252103805542,284.149169921875,-0.046296294778585434,216.5,9.405904769897461,599.5081787109375,56.312461853027344,-9999.0,32307.162097,77.0,-9999.0,6.974797770453733e-07
88.375,26.875,1103.0,12.5252103805542,284.149169921875,-0.046296294778585434,216.5,9.405904769897461,599.5081787109375,56.312461853027344,-9999.0,9165.8707463,77.0,3.0,1965.5538330078125
92.125,26.875,128.0,0.4128764867782593,207.5528106689453,-0.0,4.0,11.735718727111816,6.482273101806641,0.3485555350780487,0.000815625,45520.2563672,46.0,10.0,1851.1297607421875
88.875,26.875,401.0,3.1076242923736572,199.26930236816406,-0.011358024552464485,22.75,11.662199974060059,341.86285400390625,15.440093040466309,0.0039125,27791.8240195,46.0,4.0,8518.9296875
89.125,26.875,562.0,13.824567794799805,263.6812438964844,-0.09234567731618881,140.25,12.737627029418945,20585.89453125,501.376708984375,0.0013688657000000002,44965.60839600001,19.0,-9999.0,3054.323486328125
89.375,26.875,1476.0,16.368812561035156,278.0458068847656,0.06259259581565857,230.0,8.028042793273926,264.2105712890625,40.94865798950195,0.0015594907,51121.6942996,19.0,-9999.0,2946.433837890625
89.625,26.875,1637.0,25.66463279724121,97.50709533691406,-0.015555555932223797,397.875,8.229036331176758,864.4104614257812,108.51148223876953,0.0014744213,28429.006766,19.0,-9999.0,5073.31494140625
88.625,26.875,796.0,15.906439781188965,125.03777313232422,-0.09296296536922455,248.125,9.444562911987305,1025.376708984375,90.72518920898438,0.0030213,10981.1956282,46.0,2.0,2796.960205078125
90.375,26.875,897.0,13.678603172302246,45.64738082885742,-0.11074074357748032,221.125,10.413285255432129,1970.324462890625,121.82671356201172,0.0012409722,31462.4923222,19.0,3.0,3074.42041015625
90.625,26.875,2448.0,10.184600830078125,7.641476631164551,0.06123456731438637,242.375,8.519652366638184,161.60214233398438,22.33904266357422,0.0011789352,24926.8030526,19.0,-9999.0,4924.04443359375
90.875,26.875,1671.0,14.40624713897705,82.82502746582031,0.2830864191055298,347.5,8.16209888458252,231.06301879882812,34.82341384887695,0.0011943287,3582.78327255,86.0,-9999.0,10180.451171875
91.125,26.875,105.0,1.3645825386047363,211.65127563476562,-0.0011111111380159855,30.75,11.233238220214844,42.85598373413086,2.4990506172180176,0.0012953704,689.654671533,86.0,-9999.0,13382.119140625
91.375,26.875,105.0,1.3645825386047363,211.65127563476562,-0.0011111111380159855,30.75,11.233238220214844,42.85598373413086,2.4990506172180176,0.0013231481,20167.0615287,106.0,-9999.0,13672.3271484375
90.125,26.875,1445.0,14.637413024902344,349.3354187011719,-0.03185185045003891,168.75,8.838624954223633,469.8712463378906,53.86216354370117,0.0010523148,9335.31273908,19.0,-9999.0,2436.49755859375
94.625,27.125,94.0,0.07957742363214493,180.0,-0.0006172839784994721,1.125,16.09020233154297,18.740497589111328,0.20815755426883698,0.0007537999999999999,6212.9738345,86.0,8.0,5464.21533203125
94.875,27.125,98.0,0.09073220193386078,15.255118370056152,-0.0017283951165154576,1.375,15.448195457458496,12.820469856262207,0.18169619143009186,0.0006286000000000001,20833.5331142,99.0,8.0,1369.9627685546875
95.125,27.125,108.0,0.05032920092344284,18.434947967529297,-0.0013580246595665812,2.125,15.786208152770996,5.5311808586120605,0.07263325899839401,0.0005886,39654.0050228,99.0,8.0,54790.078125
95.375,27.125,120.0,0.15755495429039001,225.0,-0.000370370369637385,1.75,13.392254829406738,4.947237968444824,0.15100440382957458,0.0007009,51235.3022513,86.0,1.0,3303.59326171875
96.125,27.125,999.0,6.03225040435791,202.48663330078125,-0.03950617462396622,85.125,9.743454933166504,190.1149139404297,17.21509552001953,-9999.0,77084.2687951,86.0,-9999.0,2576.685791015625
95.875,27.125,307.0,8.623799324035645,123.26803588867188,-0.049135804176330566,44.125,9.787631034851074,409.27313232421875,34.85462951660156,0.0008895833300000002,70512.3005037,86.0,1.0,2759.76904296875
96.875,27.125,1217.0,2.5988781452178955,232.70933532714844,-0.01185185182839632,100.375,10.588510513305664,81.66072845458984,5.772407054901123,-9999.0,72815.4801004,4.0,-9999.0,953.4146728515625
97.125,27.125,777.0,2.236222267150879,171.4087677001953,-0.057777777314186096,175.125,17.469402313232422,58836.90625,269.3678894042969,-9999.0,48067.0867185,4.0,-9999.0,3630.697998046875
94.375,27.125,86.0,0.12120861560106277,336.8014221191406,-0.0011111111380159855,1.125,13.654516220092773,3.8059566020965576,0.10737961530685425,0.0009671,14112.8918318,86.0,6.0,26283.12109375
95.625,27.125,215.0,5.353960990905762,347.5909118652344,-0.007777777966111898,63.25,9.863525390625,168.6049041748047,14.749772071838379,0.0007907,58068.4069264,86.0,1.0,2761.092529296875
94.125,27.125,86.0,0.12120861560106277,336.8014221191406,-0.0011111111380159855,1.125,13.654516220092773,3.8059566020965576,0.10737961530685425,0.0009358,5081.68477967,18.0,8.0,3192.236083984375
93.125,27.125,900.0,24.64341163635254,159.45816040039062,0.032592590898275375,61.375,7.58221435546875,412.63983154296875,68.14336395263672,0.000696,22951.7964913,106.0,1.0,21803.10546875
93.625,27.125,394.0,3.977893352508545,85.3028793334961,0.05135802552103996,114.25,9.468770027160645,62.55335998535156,6.6192145347595215,0.0012196,38925.410353,106.0,1.0,10273.83984375
93.375,27.125,260.0,2.006803512573242,177.27369689941406,-0.014814814552664757,29.375,10.84732437133789,63.03938674926758,4.125434398651123,0.0011010999999999998,40384.0986279,106.0,1.0,15438.85546875
92.875,27.125,238.0,5.505327224731445,186.12136840820312,-0.008518518880009651,25.75,9.835478782653809,173.4007110595703,15.292502403259277,0.00036,7125.17585261,86.0,1.0,8844.3681640625
92.625,27.125,368.0,4.484755039215088,137.2963409423828,0.006790123414248228,84.0,9.34840202331543,70.55465698242188,7.733835697174072,0.0005146,1146.30139582,106.0,1.0,5678.701171875
92.375,27.125,939.0,22.061279296875,174.19757080078125,-0.16160494089126587,313.0,11.343741416931152,13852.494140625,527.587890625,0.0005713,22460.9124461,106.0,1.0,3127.85498046875
92.125,27.125,1820.0,22.858461380004883,230.3201141357422,0.06246913596987724,231.75,9.45850658416748,2275.1513671875,182.1044464111328,0.0008077999999999999,46923.5856335,86.0,1.0,7429.37109375
88.875,27.125,2441.0,21.573509216308594,332.5798645019531,0.15802469849586487,288.0,7.730827331542969,355.6553039550781,57.86515808105469,0.002253588,34568.6689986,19.0,-9999.0,6310.330078125
88.625,27.125,751.0,9.33975601196289,250.46334838867188,0.09592592716217041,46.625,8.607945442199707,147.94558715820312,19.98236083984375,0.0021079,10106.1682298,19.0,6.0,3160.99267578125
88.375,27.125,751.0,9.33975601196289,250.46334838867188,0.09592592716217041,46.625,8.607945442199707,147.94558715820312,19.98236083984375,0.0014844,8384.08422643,46.0,6.0,1882.442626953125
88.125,27.125,1827.0,14.123027801513672,156.2366180419922,0.12999999523162842,187.125,8.182798385620117,226.32937622070312,33.95421600341797,0.0015065,31032.4427023,77.0,6.0,1.2395195199133013e-06
93.875,27.125,86.0,0.03558812290430069,63.4349479675293,-0.00012345678987912834,2.5,14.186872482299805,0.5587335824966431,0.014401483349502087,0.0010638,21315.0024105,18.0,3.0,8236.802734375
94.375,27.375,113.0,2.8635075092315674,144.7212371826172,-0.013580246828496456,8.25,14.352126121520996,4274.4775390625,66.3862075805664,0.0010007999999999998,9507.60998038,18.0,4.0,29265.66015625
94.625,27.375,108.0,0.07117621600627899,153.43495178222656,-0.0006172839784994721,2.75,14.592337608337402,3.3524014949798584,0.06855177134275436,0.0006732999999999999,11351.8234205,86.0,7.0,5133.4208984375
94.875,27.375,105.0,0.04057670012116432,168.6900634765625,0.00012345678987912834,1.625,14.055689811706543,0.6370543241500854,0.017079314216971397,0.0006285,10551.1933342,86.0,3.0,1081.684326171875
95.125,27.375,116.0,0.03558812290430069,26.56505012512207,0.0002469135797582567,2.875,14.186872482299805,0.5587335824966431,0.014401483349502087,0.0006337999999999999,19552.7688297,99.0,2.0,53364.8046875
95.375,27.375,123.0,0.03558812290430069,296.5650634765625,0.0006172839784994721,2.0,14.186872482299805,0.5587335824966431,0.014401483349502087,0.0007099999999999999,24460.1158001,99.0,2.0,7547.81298828125
96.875,27.375,2553.0,25.426179885864258,201.3475799560547,0.0667901262640953,195.375,7.546584129333496,427.6072998046875,70.78498077392578,0.0011904,55712.9326054,4.0,1.0,3618.793701171875
95.875,27.375,159.0,0.16113168001174927,249.775146484375,-0.00012345678987912834,8.75,14.06295394897461,10.119096755981445,0.2356574386358261,0.0007181,43058.9952367,99.0,12.0,7865.5146484375
96.125,27.375,242.0,0.1916472166776657,311.633544921875,0.003950617276132107,5.125,12.50322437286377,3.0088727474212646,0.12851768732070923,0.0007204861099999999,51324.6679894,86.0,1.0,7986.0078125
96.375,27.375,513.0,0.9806138873100281,318.28924560546875,-0.0008641975582577288,160.75,11.56375503540039,30.794281005859375,1.6264795064926147,0.0004800925900000001,55371.5318103,86.0,1.0,8553.4638671875
96.625,27.375,1258.0,14.753159523010254,179.69781494140625,0.007037037052214146,103.75,10.216687202453613,1895.021240234375,124.98814392089844,0.0004432870400000001,59828.7346394,4.0,-9999.0,6773.52197265625
97.125,27.375,2553.0,25.426179885864258,201.3475799560547,0.0667901262640953,195.375,7.546584129333496,427.6072998046875,70.78498077392578,-9999.0,52460.9463391,4.0,-9999.0,3898.09130859375
95.625,27.375,136.0,0.39194828271865845,275.82635498046875,-0.0032098765950649977,6.25,15.501310348510742,252.30105590820312,3.023946523666382,0.0006443,33681.8143329,99.0,2.0,7661.228515625
93.875,27.375,173.0,2.4866559505462646,129.28941345214844,-0.002098765457049012,30.625,10.632709503173828,78.1300048828125,5.450695991516113,0.0016071999999999998,36382.6049329,106.0,1.0,9269.171875
94.125,27.375,113.0,2.8635075092315674,144.7212371826172,-0.013580246828496456,8.25,14.352126121520996,4274.4775390625,66.3862075805664,0.0014777000000000002,13552.8420045,18.0,8.0,11921.9765625
93.375,27.375,1588.0,13.239859580993652,186.54188537597656,0.011728394776582718,147.375,8.943037986755371,423.2850036621094,47.396751403808594,0.0012287,48909.8429122,86.0,1.0,15492.533203125
93.625,27.375,1224.0,9.255578994750977,240.87899780273438,0.06592592597007751,147.5,8.617159843444824,146.58860778808594,19.750591278076172,0.001438,56823.4712441,86.0,1.0,11189.6484375
88.125,27.375,3546.0,14.447317123413086,60.65739059448242,0.06851851940155029,502.625,8.159128189086914,231.75047302246094,34.94978332519531,0.0015056,45584.0551076,19.0,1.0,6.239902745619474e-07
88.375,27.375,1086.0,24.978452682495117,109.07238006591797,-0.313703715801239,245.5,10.78573989868164,10475.5712890625,477.89178466796875,0.0014953,28917.7741787,4.0,1.0,2.567965111666126e-07
88.625,27.375,1086.0,24.978452682495117,109.07238006591797,-0.313703715801239,245.5,10.78573989868164,10475.5712890625,477.89178466796875,0.0016104,26386.3134816,19.0,1.0,1902.519287109375
91.625,27.375,1535.0,3.2736339569091797,119.05460357666016,-0.1465432047843933,244.5,14.058588981628418,4167.6123046875,71.78504180908203,0.0008298611099999999,6408.84200986,86.0,-9999.0,4791.0439453125
88.875,27.375,4346.0,10.067239761352539,287.811279296875,0.011358024552464485,231.125,8.531487464904785,159.7008514404297,22.00843048095703,0.0022552083,42266.9200798,4.0,10.0,3754.006103515625
92.125,27.375,3402.0,3.476330518722534,146.5642547607422,-0.060864198952913284,258.0,13.159273147583008,1912.5887451171875,46.90970993041992,0.0007529,45680.6254619,86.0,1.0,8176.07177734375
92.375,27.375,2584.0,16.577083587646484,214.8912811279297,-0.058888889849185944,235.125,8.707822799682617,535.5321044921875,63.066444396972656,0.0005103,35473.9940736,86.0,12.0,5410.84521484375
92.625,27.375,1468.0,21.20111656188965,6.661895751953125,-0.09925925731658936,327.5,8.848579406738281,1046.739013671875,109.47618103027344,0.0004253,23700.2187613,86.0,1.0,2593.9765625
92.875,27.375,766.0,11.324248313903809,27.062644958496094,0.03432098776102066,76.0,8.411054611206055,180.14007568359375,25.60034942626953,0.0003559,15098.0903591,86.0,1.0,2920.50927734375
93.125,27.375,1357.0,14.5376615524292,9.215119361877441,0.06975308805704117,267.625,8.152620315551758,233.26353454589844,35.228057861328125,0.0007218999999999999,26423.3154786,86.0,1.0,13025.859375
91.875,27.375,4087.0,6.65264892578125,312.00750732421875,0.046296294778585434,185.125,8.951610565185547,104.91802978515625,12.89245891571045,0.00070717593,23182.3698937,86.0,-9999.0,4446.4658203125
95.125,27.625,119.0,0.3590652346611023,167.19573974609375,-0.0012345679569989443,5.5,11.875367164611816,5.6373982429504395,0.2906914949417114,0.0006785000000000001,1956.29448894,86.0,10.0,51758.69140625
94.375,27.625,576.0,9.233530044555664,36.243309020996094,0.02382715977728367,252.5,8.619585990905762,146.23329162597656,19.68998146057129,0.0013777,8914.90273077,86.0,1.0,26741.443359375
94.625,27.625,646.0,8.94148063659668,297.0400390625,0.003950617276132107,122.375,8.652271270751953,141.53091430664062,18.890859603881836,0.0008789999999999999,25447.3654212,18.0,1.0,4662.7900390625
94.875,27.625,484.0,6.819051265716553,200.9610595703125,0.023950617760419846,91.375,8.926675796508789,107.56694793701172,13.311273574829102,0.0007702999999999999,8326.46433949,86.0,8.0,514.3517456054688
95.375,27.625,117.0,0.01591549441218376,180.0,-0.0006172839784994721,1.375,20.509044647216797,62.218448638916016,0.13861066102981567,0.0007098,1788.67657793,99.0,3.0,52629.65234375
94.125,27.625,576.0,9.233530044555664,36.243309020996094,0.02382715977728367,252.5,8.619585990905762,146.23329162597656,19.68998146057129,0.0015697,9234.37621629,86.0,1.0,10911.0498046875
97.125,27.625,3892.0,30.90934181213379,97.06237030029297,0.3781481385231018,1061.25,7.315994739532471,538.5039672851562,89.37171173095703,-9999.0,34595.2573101,4.0,-9999.0,9556.466796875
96.125,27.625,222.0,0.15795637667179108,310.91436767578125,0.000370370369637385,9.625,18.722429275512695,1026.6875,3.715425491333008,0.001259,23786.3777187,86.0,3.0,24332.123046875
96.375,27.625,1317.0,14.366680145263672,359.19219970703125,0.06246913596987724,242.625,8.164968490600586,230.4010009765625,34.701744079589844,0.0012573,27641.9262982,86.0,1.0,25987.32421875
96.625,27.625,3638.0,20.21823501586914,46.894901275634766,0.00296296295709908,409.875,7.8018317222595215,331.2779541015625,53.38542938232422,0.001336,35360.1832729,86.0,1.0,21642.666015625
96.875,27.625,3892.0,30.90934181213379,97.06237030029297,0.3781481385231018,1061.25,7.315994739532471,538.5039672851562,89.37171173095703,0.001406,27984.5622377,4.0,10.0,19208.916015625
95.625,27.625,128.0,0.011253953911364079,225.0,-0.0,0.375,18.47365951538086,4.063803195953369,0.021156519651412964,0.0008138999999999999,15116.515631,99.0,8.0,42215.453125
93.875,27.625,1008.0,12.956059455871582,1.3145267963409424,0.07296296209096909,258.125,8.272332191467285,206.9458770751953,30.41659927368164,0.0013177,19721.9882738,86.0,1.0,7766.6435546875
95.875,27.625,150.0,0.25908371806144714,317.48956298828125,0.003086419776082039,3.75,12.201725959777832,4.0676422119140625,0.19018703699111938,0.0011814,16502.0052124,99.0,9.0,27812.916015625
93.375,27.625,1687.0,13.714356422424316,359.4456481933594,0.010493827052414417,190.25,8.213348388671875,219.5195770263672,32.7071418762207,0.0009484,59696.4153153,86.0,1.0,7348.619140625
88.125,27.625,5958.0,51.57499694824219,270.0,1.8204938173294067,2931.875,6.571779251098633,1133.4373779296875,154.72003173828125,-9999.0,65880.7647266,2.0,-9999.0,3.1190307936412864e-07
88.375,27.625,4197.0,55.84040451049805,253.9700469970703,1.1035802364349365,1173.75,6.415688514709473,1324.9114990234375,166.13052368164062,0.0015405,54511.6082088,4.0,10.0,2.567965111666126e-07
88.625,27.625,2702.0,13.790215492248535,227.88987731933594,-0.09037037193775177,349.25,9.30622673034668,662.345458984375,63.67511749267578,0.0014137,53209.533531,19.0,1.0,1813.8614501953125
88.875,27.625,2702.0,13.790215492248535,227.88987731933594,-0.09037037193775177,349.25,9.30622673034668,662.345458984375,63.67511749267578,0.0011141203999999998,62597.8614844,4.0,17.0,2247.438720703125
91.625,27.625,4095.0,11.711188316345215,327.58770751953125,0.06691358238458633,220.25,8.376534461975098,186.46705627441406,26.72754669189453,0.00053668981,15496.6314714,4.0,3.0,2952.748291015625
93.625,27.625,1633.0,4.511020660400391,213.07461547851562,0.06555555760860443,161.75,9.342537879943848,70.9695816040039,7.7926483154296875,0.0012775,37429.0450557,86.0,1.0,9515.201171875
92.125,27.625,4156.0,10.070208549499512,335.6598815917969,-0.01086419727653265,196.5,8.5311861038208,159.7489471435547,22.016782760620117,0.0006498999999999999,45970.2416177,4.0,1.0,4403.73876953125
92.375,27.625,2142.0,9.15367603302002,270.9877624511719,-0.07913580536842346,446.5,14.226844787597656,39135.625,560.0177612304688,0.0004445,58275.9387956,4.0,10.0,2729.569091796875
92.625,27.625,2515.0,18.054567337036133,180.12205505371094,-0.072592593729496,134.5,9.310172080993652,1172.8665771484375,106.44979095458984,0.0004916,49492.3909599,86.0,1.0,2482.73486328125
92.875,27.625,1239.0,20.287837982177734,351.4436950683594,0.07000000029802322,213.0,7.798091411590576,332.5193176269531,53.61441421508789,0.0005407,42612.0828732,86.0,1.0,1460.3109130859375
93.125,27.625,1106.0,11.424595832824707,299.20758056640625,-0.1250617355108261,182.375,10.96694564819336,2363.130126953125,120.65000915527344,0.0005269,47801.3347197,86.0,1.0,3714.059814453125
91.875,27.625,4445.0,5.958942413330078,137.26475524902344,0.049135804176330566,202.75,9.06262493133545,93.89384460449219,11.179269790649414,0.0008529,23821.5227627,86.0,1.0,3647.92041015625
94.625,27.875,729.0,10.018498420715332,124.03988647460938,0.008395061828196049,168.875,8.5364408493042,158.91163635253906,21.871423721313477,0.0014946,26961.9308487,86.0,1.0,5419.57861328125
94.875,27.875,1306.0,8.854486465454102,59.456756591796875,-0.030987653881311417,100.5,9.355354309082031,280.2633361816406,28.27445411682129,0.0015363,35743.9375589,86.0,1.0,918.5160522460938
95.125,27.875,683.0,6.439465045928955,207.16415405273438,-0.0797530859708786,443.375,11.287049293518066,1015.2700805664062,49.20707321166992,0.0013549,20718.9440327,18.0,1.0,1888.7178955078125
95.375,27.875,147.0,0.44590896368026733,177.95458984375,-0.0002469135797582567,5.75,12.351896286010742,14.001825332641602,0.5839061737060547,0.0008468,3204.58397487,86.0,7.0,40074.26171875
95.625,27.875,152.0,0.24707338213920593,165.06858825683594,0.0017283951165154576,3.125,12.249192237854004,3.8790760040283203,0.17880621552467346,0.0008745,1054.52920869,86.0,7.0,5873.29736328125
96.375,27.875,1362.0,16.167911529541016,323.96453857421875,-0.059135802090168,301.25,9.832840919494629,1564.7286376953125,118.1262435913086,0.0014597000000000002,51.8823569869,86.0,1.0,2939.222900390625
96.125,27.875,323.0,1.1827291250228882,203.80593872070312,0.0013580246595665812,18.125,12.29259967803955,92.857421875,3.5958659648895264,0.0015147,3058.34509125,99.0,13.0,3971.1279296875
96.625,27.875,1748.0,22.97578239440918,226.2742156982422,0.16506172716617584,225.875,7.661038875579834,381.3626403808594,62.54094314575195,0.0014875,10084.9664082,4.0,1.0,3041.966796875
96.875,27.875,2947.0,10.272075653076172,282.4811706542969,0.1375308632850647,637.875,8.510915756225586,163.02015686035156,22.586116790771484,0.0015441,255.650267614,4.0,1.0,7671.80517578125
97.125,27.875,2947.0,10.272075653076172,282.4811706542969,0.1375308632850647,637.875,8.510915756225586,163.02015686035156,22.586116790771484,0.00038032407,16304.7763265,4.0,1.0,4371.59814453125
94.375,27.875,722.0,6.150665760040283,184.95375061035156,0.0654321014881134,180.0,9.030720710754395,96.93773651123047,11.647313117980957,0.0016512,4467.44572751,86.0,1.0,24008.22265625
95.875,27.875,190.0,0.4972034692764282,219.80557250976562,0.00148148147854954,11.875,11.549860000610352,7.806291103363037,0.44381090998649597,0.0012328,8733.29420167,86.0,2.0,14872.8046875
94.125,27.875,722.0,6.150665760040283,184.95375061035156,0.0654321014881134,180.0,9.030720710754395,96.93773651123047,11.647313117980957,0.0015789,11716.0344554,86.0,1.0,14358.90625
93.625,27.875,1068.0,17.053552627563477,34.186527252197266,-0.005061728414148092,144.875,7.984645366668701,275.92913818359375,43.12385940551758,0.001197,32413.1714481,86.0,1.0,17456.4375
88.375,27.875,5037.0,2.074981689453125,310.9586486816406,0.030617283657193184,174.125,10.120739936828613,32.59144973754883,2.8425354957580566,0.0016194000000000002,56591.027269,4.0,10.0,8.990959031507373e-06
88.125,27.875,5527.0,7.421027660369873,133.87669372558594,-0.016790123656392097,353.25,8.841202735900879,117.1653823852539,14.850326538085938,-9999.0,40971.4337972,2.0,-9999.0,1.1704984899552073e-05
93.875,27.875,1130.0,6.641439437866211,8.091440200805664,-0.08481481671333313,166.875,12.449819564819336,3456.408447265625,104.83258056640625,0.0014569,10238.3522282,86.0,1.0,14412.5322265625
88.625,27.875,5155.0,8.088428497314453,127.29546356201172,-0.015308641828596592,120.5,11.238933563232422,1534.0540771484375,73.71709442138672,0.001623,77068.5528997,4.0,10.0,6.553686489496613e-06
88.875,27.875,5155.0,8.088428497314453,127.29546356201172,-0.015308641828596592,120.5,11.238933563232422,1534.0540771484375,73.71709442138672,0.0011136574,87126.997848,4.0,10.0,4.304003596189432e-06
91.875,27.875,4181.0,10.866405487060547,65.2335433959961,-0.05370370298624039,302.125,10.755958557128906,1726.757568359375,96.65785217285156,0.00044108796,46171.4931545,4.0,-9999.0,2958.736572265625
91.625,27.875,5082.0,21.039697647094727,91.13790130615234,-0.06962963193655014,296.375,8.451495170593262,692.001953125,85.02506256103516,0.0005368055599999999,42489.6010484,4.0,-9999.0,2356.296630859375
92.375,27.875,4598.0,15.184569358825684,199.677490234375,-0.04506172984838486,234.375,12.959100723266602,31249.216796875,684.2928466796875,0.00037731481,60063.6452848,2.0,-9999.0,1843.8482666015625
92.625,27.875,1568.0,26.903030395507812,87.58402252197266,-0.368395060300827,1099.125,9.560891151428223,3651.092529296875,263.8924255371094,0.00045081019,48169.2738141,4.0,10.0,3988.9169921875
92.875,27.875,2304.0,27.659387588500977,24.23535919189453,-0.00074074073927477,431.375,7.449048042297363,471.4163513183594,78.34778594970703,0.0005918,46194.4221999,4.0,10.0,3271.755126953125
93.125,27.875,1583.0,18.826095581054688,218.61607360839844,-0.08098765462636948,139.0,9.265295028686523,1226.7005615234375,112.18878936767578,0.0005593,53382.9616068,86.0,1.0,3535.735595703125
93.375,27.875,1349.0,7.155185699462891,319.6668701171875,-0.04901234433054924,123.5,12.17391586303711,3048.93359375,102.34564208984375,0.0006489,56642.9108941,86.0,1.0,10353.328125
92.125,27.875,4582.0,4.576693534851074,312.04632568359375,-0.08456790447235107,138.0,13.089223861694336,3096.3076171875,75.8418960571289,0.00035,60613.4025293,4.0,-9999.0,3387.882568359375
95.625,28.125,319.0,1.4576698541641235,126.11933898925781,-0.0016049382975324988,14.0,11.167221069335938,45.780704498291016,2.7228565216064453,0.0007053999999999999,4818.28317088,99.0,7.0,1869.8172607421875
95.125,28.125,1034.0,11.895126342773438,271.6624755859375,-0.008148147724568844,301.0,9.053648948669434,378.9617614746094,41.328617095947266,0.0021443,1173.60434654,86.0,1.0,13130.2275390625
95.375,28.125,550.0,2.243135452270508,190.83181762695312,-0.031111111864447594,321.125,10.042743682861328,35.23521041870117,3.145420551300049,0.0012009,5779.32200943,99.0,9.0,37661.328125
95.875,28.125,1996.0,17.520437240600586,157.7679443359375,-0.06728395074605942,246.75,8.649073600769043,567.93701171875,67.6269302368164,0.0009437,18771.7560276,99.0,2.0,4693.1591796875
94.875,28.125,483.0,2.02199387550354,100.42581176757812,-0.03283950686454773,282.625,12.979843139648438,539.8941040039062,15.044465065002441,0.002324,15692.8588071,86.0,1.0,15602.41796875
96.375,28.125,1575.0,7.861657619476318,302.0115051269531,-0.11432098597288132,668.625,8.78283405303955,124.20771026611328,15.999561309814453,0.0014706,11407.8318444,4.0,13.0,2989.986328125
96.625,28.125,2512.0,6.62948751449585,297.3918151855469,-0.014197531156241894,166.875,8.955129623413086,104.5494613647461,12.83439826965332,0.0014892000000000002,8389.16408087,4.0,1.0,1039.7105712890625
96.875,28.125,2512.0,6.62948751449585,297.3918151855469,-0.014197531156241894,166.875,8.955129623413086,104.5494613647461,12.83439826965332,0.0015566,12736.5763479,4.0,10.0,3871.972412109375
97.125,28.125,1756.0,30.56732177734375,80.00606536865234,-0.0519753098487854,209.375,8.428192138671875,1593.712890625,170.53152465820312,0.0016113,8918.20556407,4.0,1.0,1147.6787109375
96.125,28.125,2825.0,17.755952835083008,72.42952728271484,0.0855555534362793,225.125,7.941691875457764,288.03948974609375,45.37336730957031,0.0014791,28160.5440272,4.0,1.0,15368.5419921875
94.625,28.125,1643.0,16.588211059570312,9.067063331604004,-0.05444444343447685,283.875,8.707113265991211,535.9124145507812,63.119930267333984,0.0015677,37760.1554448,86.0,1.0,7343.1552734375
97.375,28.125,3810.0,11.597541809082031,29.740070343017578,-0.07641975581645966,195.875,12.576214790344238,12184.0615234375,326.02880859375,-9999.0,32262.4454395,4.0,-9999.0,2087.929443359375
94.125,28.125,1018.0,7.385828971862793,343.3125,-0.03975308686494827,177.5,11.41096019744873,1515.8447265625,68.77534484863281,0.0011152,4166.07769836,86.0,1.0,11487.7021484375
88.375,28.125,4790.0,5.5799880027771,74.24480438232422,0.018765432760119438,40.25,9.128776550292969,87.88355255126953,10.266961097717285,-9999.0,44073.82059390001,4.0,-9999.0,8.990959031507373e-06
88.625,28.125,4870.0,0.7258194088935852,37.87498474121094,-0.007407407276332378,22.375,15.330412864685059,729.3423461914062,8.79996109008789,-9999.0,68363.1331504,4.0,-9999.0,6.553686489496613e-06
88.875,28.125,5012.0,6.143392086029053,51.917518615722656,-0.0004938271595165133,58.125,10.130525588989258,290.4666442871094,22.481901168823242,-9999.0,92811.0753291,4.0,-9999.0,4.304003596189432e-06
92.625,28.125,5497.0,18.829566955566406,121.33995819091797,0.11037036776542664,217.375,7.878802299499512,306.7359924316406,48.84429168701172,0.00038321759,23260.7956216,2.0,-9999.0,3990.970458984375
94.375,28.125,1018.0,7.385828971862793,343.3125,-0.03975308686494827,177.5,11.41096019744873,1515.8447265625,68.77534484863281,0.0012657,18653.5826515,86.0,1.0,11233.3056640625
93.125,28.125,3026.0,14.53792953491211,72.22492980957031,0.07024691253900528,269.0,8.15260124206543,233.26803588867188,35.2288818359375,0.0005727999999999999,27957.8134675,4.0,1.0,3597.999755859375
93.375,28.125,3654.0,14.442347526550293,240.255126953125,0.04456790164113045,594.75,8.1594877243042,231.66726684570312,34.93449020385742,0.0004984,35183.6861438,86.0,1.0,7870.71337890625
93.625,28.125,1683.0,19.406993865966797,259.6203918457031,-0.0448148138821125,396.75,7.846235275268555,316.8898010253906,50.72594451904297,0.0008447000000000001,31996.827416,86.0,3.0,10628.12109375
93.875,28.125,644.0,53.56475067138672,48.59965515136719,-0.5632098913192749,758.125,7.8861589431762695,4871.8037109375,367.9582824707031,0.0011606,27208.3572589,86.0,1.0,10174.365234375
92.875,28.125,2838.0,6.489506244659424,0.0699574202299118,0.07246913760900497,389.125,8.97665786743164,102.3227310180664,12.484735488891602,0.0005216,18960.7856531,4.0,17.0,3718.74560546875
97.375,28.375,3942.0,8.4749116897583,74.53878021240234,-0.02629629708826542,416.25,10.652606010437012,938.2383422851562,56.66135787963867,0.00063078704,29864.7029275,4.0,-9999.0,2048.79638671875
97.125,28.375,1964.0,25.283784866333008,50.91921615600586,-0.10728394985198975,155.125,8.939299583435059,1699.4810791015625,161.51612854003906,0.0005956018499999999,7821.36573077,4.0,-9999.0,1242.0159912109375
96.875,28.375,3014.0,15.896590232849121,230.18370056152344,0.010987654328346252,397.625,8.058920860290527,256.1769714355469,39.45945358276367,0.00078900463,14665.6190101,4.0,10.0,753.463134765625
96.625,28.375,3014.0,15.896590232849121,230.18370056152344,0.010987654328346252,397.625,8.058920860290527,256.1769714355469,39.45945358276367,0.0014475999999999998,34136.6581523,4.0,1.0,2827.05322265625
96.375,28.375,3225.0,8.20219898223877,277.4742431640625,-0.012962962500751019,351.5,9.433016777038574,259.3211364746094,25.61594009399414,0.0009541666699999998,35541.7892686,4.0,10.0,6092.42919921875
96.125,28.375,2712.0,3.838834047317505,299.37713623046875,0.13135802745819092,372.375,9.504464149475098,60.359947204589844,6.3204450607299805,0.0012462,32167.5097262,4.0,1.0,16163.2109375
95.875,28.375,2434.0,18.1086368560791,9.534331321716309,-0.04098765552043915,164.0,7.920679569244385,294.1559143066406,46.5093994140625,0.0009845,9843.63378687,4.0,1.0,4879.40478515625
95.625,28.375,1846.0,9.191093444824219,108.1550064086914,-0.09456790238618851,189.75,11.514644622802734,2619.891357421875,110.87419128417969,0.0012566,12996.6279926,99.0,1.0,1074.62060546875
95.125,28.375,710.0,9.677228927612305,47.97116470336914,0.060864198952913284,72.75,8.571789741516113,153.3924102783203,20.91716194152832,0.0021079,3903.9623717,86.0,1.0,6963.3271484375
95.375,28.375,2640.0,27.923044204711914,187.75637817382812,0.23037037253379822,336.375,7.437893390655518,476.7042236328125,79.24221801757812,0.0015819,26376.7303098,86.0,1.0,36250.6328125
94.375,28.375,2404.0,12.396626472473145,51.877342224121094,-0.08506172895431519,246.125,11.576040267944336,5140.6884765625,203.04013061523438,0.0008068999999999999,25998.6262128,86.0,12.0,6364.55419921875
94.125,28.375,2404.0,12.396626472473145,51.877342224121094,-0.08506172895431519,246.125,11.576040267944336,5140.6884765625,203.04013061523438,0.0010985,8204.54642627,86.0,1.0,6720.611328125
93.875,28.375,2857.0,10.885931968688965,345.5723571777344,-0.03728394955396652,119.75,10.243293762207031,1037.9617919921875,71.30653381347656,0.0009638,1449.49306714,86.0,1.0,6337.58056640625
93.625,28.375,772.0,40.46976089477539,121.86597442626953,-0.5372839570045471,551.25,13.164453506469727,379043.625,5006.2685546875,0.0006663,4454.04254266,86.0,1.0,2066.091796875
93.375,28.375,772.0,0.0,-1.0,-0.0,0.0,-9999.0,0.0,0.0,0.0004689,8449.1878778,4.0,1.0,3230.072021484375
93.125,28.375,3766.0,17.118511199951172,283.6414489746094,-0.021358024328947067,350.5,8.673755645751953,554.0905151367188,65.67772674560547,0.00039386574,4641.40545262,4.0,-9999.0,2347.039794921875
92.875,28.375,4131.0,17.084989547729492,64.06021881103516,-0.10777777433395386,215.375,9.081302642822266,829.4075317382812,83.5601577758789,0.00038599537,5699.91865277,4.0,-9999.0,1498.405517578125
94.875,28.375,1161.0,18.908937454223633,34.36016082763672,0.08185185492038727,184.5,7.8742756843566895,308.12750244140625,49.10234832763672,0.0018228,13069.260191,86.0,1.0,7942.95703125
94.625,28.375,2051.0,13.968362808227539,24.475727081298828,-0.08765432238578796,310.0,9.803701400756836,1118.74658203125,87.93942260742188,0.0009782,35541.3064911,86.0,1.0,14108.9775390625
95.125,28.625,2011.0,15.294720649719238,200.6071319580078,-0.11913580447435379,179.0,11.357586860656738,6395.794921875,265.38983154296875,0.0015845999999999998,7488.23117604,86.0,1.0,36341.26953125
96.625,28.625,2902.0,22.088512420654297,22.008962631225586,0.04901234433054924,655.125,7.7047905921936035,365.037109375,59.578060150146484,0.0006815972200000001,22936.7120654,49.0,-9999.0,1658.145751953125
96.375,28.625,3731.0,4.071553707122803,301.92242431640625,-0.11987654119729996,257.375,12.218008995056152,1024.4976806640625,36.00775909423828,0.0009632,40282.2915547,4.0,1.0,4747.19970703125
96.125,28.625,2587.0,25.562744140625,336.866943359375,0.036666665226221085,475.375,7.540450096130371,430.23834228515625,71.24646759033203,0.001072,25382.1495719,4.0,1.0,9123.77734375
95.875,28.625,2746.0,16.282989501953125,314.2679443359375,-0.07802469283342361,960.5,9.643033027648926,1313.738525390625,106.84014129638672,0.0010294,2035.72023303,4.0,1.0,5534.5263671875
95.625,28.625,1696.0,17.45981788635254,216.81423950195312,-0.16049382090568542,209.125,12.623056411743164,29989.7734375,729.1040649414062,0.00112,21515.095743,86.0,10.0,717.9163208007812
95.375,28.625,3204.0,12.93131160736084,330.5818176269531,-0.06925925612449646,236.625,8.96745777130127,413.07366943359375,45.990440368652344,0.0013808,29762.5098007,86.0,1.0,36223.7265625
94.875,28.625,1444.0,18.752321243286133,281.4202575683594,0.08728395402431488,208.75,7.883223056793213,305.3829650878906,48.59332275390625,0.0011652,11921.8134621,86.0,1.0,5568.15380859375
94.375,28.625,2573.0,28.746742248535156,82.7562255859375,0.024938272312283516,188.625,8.09663200378418,986.78515625,124.34527587890625,0.0007744,43400.5973348,86.0,1.0,7391.08642578125
94.125,28.625,2573.0,28.746742248535156,82.7562255859375,0.024938272312283516,188.625,8.09663200378418,986.78515625,124.34527587890625,0.0009709,29769.3936047,86.0,1.0,958.6937255859375
93.875,28.625,4049.0,30.59845542907715,239.9363250732422,0.2472839504480362,470.125,7.328339576721191,531.89697265625,88.31836700439453,0.0009381,24094.6658905,4.0,1.0,1065.1219482421875
93.625,28.625,4295.0,9.6536865234375,307.7026672363281,0.02629629708826542,264.75,8.574273109436035,153.0120849609375,20.851661682128906,0.0008351000000000001,23182.5550466,86.0,-9999.0,1115.822021484375
93.375,28.625,4325.0,12.96059799194336,341.4557189941406,-0.015061728656291962,165.5,8.965117454528809,414.0417785644531,46.12357711791992,0.00024444444,19246.9453026,2.0,-9999.0,1071.3116455078125
94.625,28.625,3497.0,15.092631340026855,73.11421966552734,-0.010370370000600815,251.25,10.059345245361328,1698.09912109375,118.74797058105469,0.0012167,27142.3274421,86.0,1.0,7399.30712890625
96.375,28.875,4617.0,23.424999237060547,286.69219970703125,0.1532098799943924,267.5,7.639387607574463,389.70953369140625,64.04613494873047,0.000523,27712.8110004,4.0,12.0,1904.8463134765625
96.125,28.875,4284.0,16.198471069335938,6.5337982177734375,-0.03876543045043945,201.375,8.039088249206543,261.3082580566406,40.41040802001953,0.0009209,38910.98048730001,4.0,10.0,2874.764404296875
95.875,28.875,3204.0,17.471721649169922,119.87972259521484,-0.17123456299304962,764.625,9.904801368713379,1981.8941650390625,142.90176391601562,0.0009880000000000002,29585.9336982,4.0,1.0,4648.7255859375
95.625,28.875,3201.0,26.731342315673828,116.0421371459961,-0.014567901380360126,257.125,8.182037353515625,906.006103515625,113.98401641845703,0.0010288,37823.9665142,4.0,1.0,433.228271484375
95.375,28.875,3365.0,16.670339584350586,69.1609115600586,0.0954320952296257,129.5,8.00873851776123,269.36053466796875,41.904266357421875,0.0010122,42911.3642636,4.0,13.0,659.1614990234375
96.625,28.875,4617.0,23.424999237060547,286.69219970703125,0.1532098799943924,267.5,7.639387607574463,389.70953369140625,64.04613494873047,0.0006815972200000001,4998.35787371,4.0,-9999.0,1498.2261962890625
94.875,28.875,1377.0,17.084001541137695,152.2884979248047,0.09000000357627869,293.125,7.982751369476318,276.4522399902344,43.221004486083984,0.0009912,6647.70653599,4.0,1.0,1828.6097412109375
94.625,28.875,2309.0,29.75657081604004,285.0524597167969,-0.03185185045003891,423.0,8.05529499053955,1028.4300537109375,129.5388641357422,0.0011719,15615.081207,4.0,1.0,2744.3525390625
94.375,28.875,3586.0,9.609550476074219,325.6972351074219,-0.021111110225319862,101.875,8.57894229888916,152.29922485351562,20.72897720336914,0.0009189,39299.7067623,4.0,12.0,13316.6044921875
94.125,28.875,5084.0,19.78227996826172,159.96963500976562,0.05320987477898598,149.125,7.825504779815674,323.52764892578125,51.95402526855469,0.0007417000000000001,35393.5295015,86.0,10.0,13296.3701171875
93.875,28.875,5084.0,19.78227996826172,159.96963500976562,0.05320987477898598,149.125,7.825504779815674,323.52764892578125,51.95402526855469,0.00025983796,27035.7988127,4.0,-9999.0,13305.673828125
95.125,28.875,1750.0,6.738698959350586,242.4108428955078,-0.04456790164113045,160.625,12.234477996826172,2869.765625,94.70586395263672,0.0011557,20869.1573245,4.0,1.0,35940.10546875
96.625,29.125,2392.0,46.49323654174805,116.11577606201172,-0.38691356778144836,52.25,7.8496832847595215,2842.191650390625,270.56781005859375,0.00045740741,16173.9622703,49.0,-9999.0,816.0183715820312
96.375,29.125,2392.0,46.49323654174805,116.11577606201172,-0.38691356778144836,52.25,7.8496832847595215,2842.191650390625,270.56781005859375,0.00044502315,29924.2133019,4.0,-9999.0,733.3446655273438
96.125,29.125,2259.0,29.03334617614746,229.810791015625,-0.5206173062324524,908.625,8.490273475646973,1497.7822265625,160.4732666015625,0.0007177,52123.8422967,4.0,12.0,846.3770141601562
95.875,29.125,4392.0,45.43357849121094,56.99256134033203,0.6117283701896667,724.25,6.7880635261535645,912.9910278320312,136.74246215820312,0.0010078,57304.6368339,4.0,1.0,554.38671875
95.625,29.125,4102.0,18.46683120727539,141.28065490722656,0.152345672249794,394.0,7.899697303771973,300.39312744140625,47.66741180419922,0.0010342,51412.3100603,4.0,1.0,2567.209228515625
95.375,29.125,2933.0,17.08662986755371,197.6490020751953,-0.015061728656291962,271.0,7.982588291168213,276.49737548828125,43.22938537597656,0.00054166667,31877.947497,4.0,-9999.0,36147.53515625
94.875,29.125,3254.0,32.34603500366211,36.4024543762207,-0.01160493865609169,281.875,7.9529876708984375,1139.2164306640625,142.8275604248047,0.0008969,8205.74638614,4.0,5.0,958.3988037109375
94.625,29.125,4762.0,12.692093849182129,265.25982666015625,0.041111111640930176,342.875,8.293620109558105,202.5870819091797,29.62671661376953,0.0010855,28849.5144838,4.0,1.0,13325.4755859375
94.375,29.125,3042.0,7.8675384521484375,19.12697982788086,-0.07456789910793304,259.375,13.436037063598633,13051.6875,261.36126708984375,0.0009433,16217.8570672,4.0,5.0,18809.96484375
94.125,29.125,4153.0,29.96435546875,212.00538635253906,0.15975308418273926,448.5,7.353750705718994,518.5511474609375,86.16854858398438,0.00037696759,7692.8213419,4.0,-9999.0,18776.1875
95.125,29.125,868.0,11.982892036437988,218.6773681640625,-0.05135802552103996,186.0,8.352932929992676,190.9203338623047,27.524734497070312,0.00048460648,9261.5319882,4.0,-9999.0,35870.35546875
96.125,29.375,2596.0,21.026315689086914,135.0,-0.0,1647.125,12.579326629638672,42874.21875,1010.739013671875,0.0005072,66151.94275240002,4.0,10.0,700.9974975585938
94.625,29.375,3042.0,0.0,-1.0,-0.0,27.5,-9999.0,0.0,0.0,0.0004797453700000001,9655.50307232,4.0,-9999.0,20303.9375
94.875,29.375,3042.0,4.874919891357422,115.77222442626953,-0.01765432022511959,301.125,21.044404983520508,10018801.0,10114.11328125,0.00043159722,10178.4581327,4.0,-9999.0,31170.806640625
95.625,29.375,2398.0,22.677160263061523,152.3957977294922,-0.026419753208756447,310.5,7.675613880157471,375.8446044921875,61.542171478271484,0.00046793981,42891.818674,4.0,-9999.0,2601.794677734375
95.875,29.375,2857.0,17.00525665283203,282.8307800292969,0.00012345678987912834,196.5,7.9876556396484375,275.0998229980469,42.969844818115234,0.00038449074,67092.5277346,4.0,10.0,335.74761962890625
96.375,29.375,4172.0,22.40927505493164,23.776342391967773,-0.08135802298784256,123.375,9.29825496673584,1854.5745849609375,159.29244995117188,0.00044502315,50590.4254643,4.0,-9999.0,449.531494140625
